OCCUPANCY;TOTAL_DEMAND[W];LIGHT[W];FRIDGE_FREEZER[W];REFRIGERATOR[W];UPRIGHT_FREEZER[W];TV1[W];TV2[W];DVD_PLAYER[W];RECEIVER[W];HOB[W];OVEN[W];MICROWAVE[W];SMALL_COOKING[W];TUMBLE_DRYER[W];WASHING_MACHINE[W];WASHER_DRYER[W];ELECTRIC_SHOWER[W];IRON[W];VACUUM[W];CD_PLAYER[W];HIFI[W];PC[W];PRINTER[W];KETTLE[W]
0;55;0;0;0;0;3;3;2;15;1;3;2;2;1;1;1;0;0;0;2;9;5;4;1
0;55;0;0;0;0;3;3;2;15;1;3;2;2;1;1;1;0;0;0;2;9;5;4;1
0;55;0;0;0;0;3;3;2;15;1;3;2;2;1;1;1;0;0;0;2;9;5;4;1
0;55;0;0;0;0;3;3;2;15;1;3;2;2;1;1;1;0;0;0;2;9;5;4;1
0;55;0;0;0;0;3;3;2;15;1;3;2;2;1;1;1;0;0;0;2;9;5;4;1
0;55;0;0;0;0;3;3;2;15;1;3;2;2;1;1;1;0;0;0;2;9;5;4;1
0;55;0;0;0;0;3;3;2;15;1;3;2;2;1;1;1;0;0;0;2;9;5;4;1
0;55;0;0;0;0;3;3;2;15;1;3;2;2;1;1;1;0;0;0;2;9;5;4;1
0;55;0;0;0;0;3;3;2;15;1;3;2;2;1;1;1;0;0;0;2;9;5;4;1
0;169;0;0;114;0;3;3;2;15;1;3;2;2;1;1;1;0;0;0;2;9;5;4;1
0;169;0;0;114;0;3;3;2;15;1;3;2;2;1;1;1;0;0;0;2;9;5;4;1
0;169;0;0;114;0;3;3;2;15;1;3;2;2;1;1;1;0;0;0;2;9;5;4;1
0;169;0;0;114;0;3;3;2;15;1;3;2;2;1;1;1;0;0;0;2;9;5;4;1
0;169;0;0;114;0;3;3;2;15;1;3;2;2;1;1;1;0;0;0;2;9;5;4;1
0;169;0;0;114;0;3;3;2;15;1;3;2;2;1;1;1;0;0;0;2;9;5;4;1
0;169;0;0;114;0;3;3;2;15;1;3;2;2;1;1;1;0;0;0;2;9;5;4;1
0;354;0;185;114;0;3;3;2;15;1;3;2;2;1;1;1;0;0;0;2;9;5;4;1
0;354;0;185;114;0;3;3;2;15;1;3;2;2;1;1;1;0;0;0;2;9;5;4;1
0;354;0;185;114;0;3;3;2;15;1;3;2;2;1;1;1;0;0;0;2;9;5;4;1
0;354;0;185;114;0;3;3;2;15;1;3;2;2;1;1;1;0;0;0;2;9;5;4;1
0;354;0;185;114;0;3;3;2;15;1;3;2;2;1;1;1;0;0;0;2;9;5;4;1
0;354;0;185;114;0;3;3;2;15;1;3;2;2;1;1;1;0;0;0;2;9;5;4;1
0;354;0;185;114;0;3;3;2;15;1;3;2;2;1;1;1;0;0;0;2;9;5;4;1
0;354;0;185;114;0;3;3;2;15;1;3;2;2;1;1;1;0;0;0;2;9;5;4;1
0;354;0;185;114;0;3;3;2;15;1;3;2;2;1;1;1;0;0;0;2;9;5;4;1
0;354;0;185;114;0;3;3;2;15;1;3;2;2;1;1;1;0;0;0;2;9;5;4;1
0;354;0;185;114;0;3;3;2;15;1;3;2;2;1;1;1;0;0;0;2;9;5;4;1
0;240;0;185;0;0;3;3;2;15;1;3;2;2;1;1;1;0;0;0;2;9;5;4;1
0;240;0;185;0;0;3;3;2;15;1;3;2;2;1;1;1;0;0;0;2;9;5;4;1
0;393;0;185;0;153;3;3;2;15;1;3;2;2;1;1;1;0;0;0;2;9;5;4;1
0;393;0;185;0;153;3;3;2;15;1;3;2;2;1;1;1;0;0;0;2;9;5;4;1
0;393;0;185;0;153;3;3;2;15;1;3;2;2;1;1;1;0;0;0;2;9;5;4;1
0;393;0;185;0;153;3;3;2;15;1;3;2;2;1;1;1;0;0;0;2;9;5;4;1
0;393;0;185;0;153;3;3;2;15;1;3;2;2;1;1;1;0;0;0;2;9;5;4;1
0;393;0;185;0;153;3;3;2;15;1;3;2;2;1;1;1;0;0;0;2;9;5;4;1
0;393;0;185;0;153;3;3;2;15;1;3;2;2;1;1;1;0;0;0;2;9;5;4;1
0;393;0;185;0;153;3;3;2;15;1;3;2;2;1;1;1;0;0;0;2;9;5;4;1
0;393;0;185;0;153;3;3;2;15;1;3;2;2;1;1;1;0;0;0;2;9;5;4;1
0;208;0;0;0;153;3;3;2;15;1;3;2;2;1;1;1;0;0;0;2;9;5;4;1
0;208;0;0;0;153;3;3;2;15;1;3;2;2;1;1;1;0;0;0;2;9;5;4;1
0;208;0;0;0;153;3;3;2;15;1;3;2;2;1;1;1;0;0;0;2;9;5;4;1
0;208;0;0;0;153;3;3;2;15;1;3;2;2;1;1;1;0;0;0;2;9;5;4;1
0;208;0;0;0;153;3;3;2;15;1;3;2;2;1;1;1;0;0;0;2;9;5;4;1
0;208;0;0;0;153;3;3;2;15;1;3;2;2;1;1;1;0;0;0;2;9;5;4;1
0;208;0;0;0;153;3;3;2;15;1;3;2;2;1;1;1;0;0;0;2;9;5;4;1
0;208;0;0;0;153;3;3;2;15;1;3;2;2;1;1;1;0;0;0;2;9;5;4;1
0;208;0;0;0;153;3;3;2;15;1;3;2;2;1;1;1;0;0;0;2;9;5;4;1
0;208;0;0;0;153;3;3;2;15;1;3;2;2;1;1;1;0;0;0;2;9;5;4;1
0;208;0;0;0;153;3;3;2;15;1;3;2;2;1;1;1;0;0;0;2;9;5;4;1
0;55;0;0;0;0;3;3;2;15;1;3;2;2;1;1;1;0;0;0;2;9;5;4;1
0;55;0;0;0;0;3;3;2;15;1;3;2;2;1;1;1;0;0;0;2;9;5;4;1
0;55;0;0;0;0;3;3;2;15;1;3;2;2;1;1;1;0;0;0;2;9;5;4;1
0;55;0;0;0;0;3;3;2;15;1;3;2;2;1;1;1;0;0;0;2;9;5;4;1
0;55;0;0;0;0;3;3;2;15;1;3;2;2;1;1;1;0;0;0;2;9;5;4;1
0;55;0;0;0;0;3;3;2;15;1;3;2;2;1;1;1;0;0;0;2;9;5;4;1
0;55;0;0;0;0;3;3;2;15;1;3;2;2;1;1;1;0;0;0;2;9;5;4;1
0;55;0;0;0;0;3;3;2;15;1;3;2;2;1;1;1;0;0;0;2;9;5;4;1
0;55;0;0;0;0;3;3;2;15;1;3;2;2;1;1;1;0;0;0;2;9;5;4;1
0;55;0;0;0;0;3;3;2;15;1;3;2;2;1;1;1;0;0;0;2;9;5;4;1
0;55;0;0;0;0;3;3;2;15;1;3;2;2;1;1;1;0;0;0;2;9;5;4;1
0;55;0;0;0;0;3;3;2;15;1;3;2;2;1;1;1;0;0;0;2;9;5;4;1
0;55;0;0;0;0;3;3;2;15;1;3;2;2;1;1;1;0;0;0;2;9;5;4;1
0;55;0;0;0;0;3;3;2;15;1;3;2;2;1;1;1;0;0;0;2;9;5;4;1
0;55;0;0;0;0;3;3;2;15;1;3;2;2;1;1;1;0;0;0;2;9;5;4;1
0;55;0;0;0;0;3;3;2;15;1;3;2;2;1;1;1;0;0;0;2;9;5;4;1
0;55;0;0;0;0;3;3;2;15;1;3;2;2;1;1;1;0;0;0;2;9;5;4;1
0;55;0;0;0;0;3;3;2;15;1;3;2;2;1;1;1;0;0;0;2;9;5;4;1
0;55;0;0;0;0;3;3;2;15;1;3;2;2;1;1;1;0;0;0;2;9;5;4;1
0;55;0;0;0;0;3;3;2;15;1;3;2;2;1;1;1;0;0;0;2;9;5;4;1
0;55;0;0;0;0;3;3;2;15;1;3;2;2;1;1;1;0;0;0;2;9;5;4;1
0;55;0;0;0;0;3;3;2;15;1;3;2;2;1;1;1;0;0;0;2;9;5;4;1
0;55;0;0;0;0;3;3;2;15;1;3;2;2;1;1;1;0;0;0;2;9;5;4;1
0;55;0;0;0;0;3;3;2;15;1;3;2;2;1;1;1;0;0;0;2;9;5;4;1
0;55;0;0;0;0;3;3;2;15;1;3;2;2;1;1;1;0;0;0;2;9;5;4;1
0;55;0;0;0;0;3;3;2;15;1;3;2;2;1;1;1;0;0;0;2;9;5;4;1
0;55;0;0;0;0;3;3;2;15;1;3;2;2;1;1;1;0;0;0;2;9;5;4;1
0;55;0;0;0;0;3;3;2;15;1;3;2;2;1;1;1;0;0;0;2;9;5;4;1
0;55;0;0;0;0;3;3;2;15;1;3;2;2;1;1;1;0;0;0;2;9;5;4;1
0;55;0;0;0;0;3;3;2;15;1;3;2;2;1;1;1;0;0;0;2;9;5;4;1
0;55;0;0;0;0;3;3;2;15;1;3;2;2;1;1;1;0;0;0;2;9;5;4;1
0;55;0;0;0;0;3;3;2;15;1;3;2;2;1;1;1;0;0;0;2;9;5;4;1
0;55;0;0;0;0;3;3;2;15;1;3;2;2;1;1;1;0;0;0;2;9;5;4;1
0;55;0;0;0;0;3;3;2;15;1;3;2;2;1;1;1;0;0;0;2;9;5;4;1
0;55;0;0;0;0;3;3;2;15;1;3;2;2;1;1;1;0;0;0;2;9;5;4;1
0;55;0;0;0;0;3;3;2;15;1;3;2;2;1;1;1;0;0;0;2;9;5;4;1
0;55;0;0;0;0;3;3;2;15;1;3;2;2;1;1;1;0;0;0;2;9;5;4;1
0;55;0;0;0;0;3;3;2;15;1;3;2;2;1;1;1;0;0;0;2;9;5;4;1
0;55;0;0;0;0;3;3;2;15;1;3;2;2;1;1;1;0;0;0;2;9;5;4;1
0;55;0;0;0;0;3;3;2;15;1;3;2;2;1;1;1;0;0;0;2;9;5;4;1
0;55;0;0;0;0;3;3;2;15;1;3;2;2;1;1;1;0;0;0;2;9;5;4;1
0;55;0;0;0;0;3;3;2;15;1;3;2;2;1;1;1;0;0;0;2;9;5;4;1
0;55;0;0;0;0;3;3;2;15;1;3;2;2;1;1;1;0;0;0;2;9;5;4;1
0;55;0;0;0;0;3;3;2;15;1;3;2;2;1;1;1;0;0;0;2;9;5;4;1
0;55;0;0;0;0;3;3;2;15;1;3;2;2;1;1;1;0;0;0;2;9;5;4;1
0;55;0;0;0;0;3;3;2;15;1;3;2;2;1;1;1;0;0;0;2;9;5;4;1
0;55;0;0;0;0;3;3;2;15;1;3;2;2;1;1;1;0;0;0;2;9;5;4;1
0;55;0;0;0;0;3;3;2;15;1;3;2;2;1;1;1;0;0;0;2;9;5;4;1
0;55;0;0;0;0;3;3;2;15;1;3;2;2;1;1;1;0;0;0;2;9;5;4;1
0;55;0;0;0;0;3;3;2;15;1;3;2;2;1;1;1;0;0;0;2;9;5;4;1
0;55;0;0;0;0;3;3;2;15;1;3;2;2;1;1;1;0;0;0;2;9;5;4;1
0;55;0;0;0;0;3;3;2;15;1;3;2;2;1;1;1;0;0;0;2;9;5;4;1
0;55;0;0;0;0;3;3;2;15;1;3;2;2;1;1;1;0;0;0;2;9;5;4;1
0;55;0;0;0;0;3;3;2;15;1;3;2;2;1;1;1;0;0;0;2;9;5;4;1
0;55;0;0;0;0;3;3;2;15;1;3;2;2;1;1;1;0;0;0;2;9;5;4;1
0;55;0;0;0;0;3;3;2;15;1;3;2;2;1;1;1;0;0;0;2;9;5;4;1
0;55;0;0;0;0;3;3;2;15;1;3;2;2;1;1;1;0;0;0;2;9;5;4;1
0;55;0;0;0;0;3;3;2;15;1;3;2;2;1;1;1;0;0;0;2;9;5;4;1
0;55;0;0;0;0;3;3;2;15;1;3;2;2;1;1;1;0;0;0;2;9;5;4;1
0;55;0;0;0;0;3;3;2;15;1;3;2;2;1;1;1;0;0;0;2;9;5;4;1
0;55;0;0;0;0;3;3;2;15;1;3;2;2;1;1;1;0;0;0;2;9;5;4;1
0;55;0;0;0;0;3;3;2;15;1;3;2;2;1;1;1;0;0;0;2;9;5;4;1
0;55;0;0;0;0;3;3;2;15;1;3;2;2;1;1;1;0;0;0;2;9;5;4;1
0;55;0;0;0;0;3;3;2;15;1;3;2;2;1;1;1;0;0;0;2;9;5;4;1
0;55;0;0;0;0;3;3;2;15;1;3;2;2;1;1;1;0;0;0;2;9;5;4;1
0;55;0;0;0;0;3;3;2;15;1;3;2;2;1;1;1;0;0;0;2;9;5;4;1
0;55;0;0;0;0;3;3;2;15;1;3;2;2;1;1;1;0;0;0;2;9;5;4;1
0;240;0;185;0;0;3;3;2;15;1;3;2;2;1;1;1;0;0;0;2;9;5;4;1
0;240;0;185;0;0;3;3;2;15;1;3;2;2;1;1;1;0;0;0;2;9;5;4;1
0;240;0;185;0;0;3;3;2;15;1;3;2;2;1;1;1;0;0;0;2;9;5;4;1
0;240;0;185;0;0;3;3;2;15;1;3;2;2;1;1;1;0;0;0;2;9;5;4;1
0;240;0;185;0;0;3;3;2;15;1;3;2;2;1;1;1;0;0;0;2;9;5;4;1
0;240;0;185;0;0;3;3;2;15;1;3;2;2;1;1;1;0;0;0;2;9;5;4;1
0;240;0;185;0;0;3;3;2;15;1;3;2;2;1;1;1;0;0;0;2;9;5;4;1
0;240;0;185;0;0;3;3;2;15;1;3;2;2;1;1;1;0;0;0;2;9;5;4;1
0;240;0;185;0;0;3;3;2;15;1;3;2;2;1;1;1;0;0;0;2;9;5;4;1
0;240;0;185;0;0;3;3;2;15;1;3;2;2;1;1;1;0;0;0;2;9;5;4;1
0;240;0;185;0;0;3;3;2;15;1;3;2;2;1;1;1;0;0;0;2;9;5;4;1
0;240;0;185;0;0;3;3;2;15;1;3;2;2;1;1;1;0;0;0;2;9;5;4;1
0;240;0;185;0;0;3;3;2;15;1;3;2;2;1;1;1;0;0;0;2;9;5;4;1
0;240;0;185;0;0;3;3;2;15;1;3;2;2;1;1;1;0;0;0;2;9;5;4;1
0;240;0;185;0;0;3;3;2;15;1;3;2;2;1;1;1;0;0;0;2;9;5;4;1
0;240;0;185;0;0;3;3;2;15;1;3;2;2;1;1;1;0;0;0;2;9;5;4;1
0;240;0;185;0;0;3;3;2;15;1;3;2;2;1;1;1;0;0;0;2;9;5;4;1
0;240;0;185;0;0;3;3;2;15;1;3;2;2;1;1;1;0;0;0;2;9;5;4;1
0;240;0;185;0;0;3;3;2;15;1;3;2;2;1;1;1;0;0;0;2;9;5;4;1
0;354;0;185;114;0;3;3;2;15;1;3;2;2;1;1;1;0;0;0;2;9;5;4;1
0;354;0;185;114;0;3;3;2;15;1;3;2;2;1;1;1;0;0;0;2;9;5;4;1
0;354;0;185;114;0;3;3;2;15;1;3;2;2;1;1;1;0;0;0;2;9;5;4;1
0;169;0;0;114;0;3;3;2;15;1;3;2;2;1;1;1;0;0;0;2;9;5;4;1
0;169;0;0;114;0;3;3;2;15;1;3;2;2;1;1;1;0;0;0;2;9;5;4;1
0;169;0;0;114;0;3;3;2;15;1;3;2;2;1;1;1;0;0;0;2;9;5;4;1
0;169;0;0;114;0;3;3;2;15;1;3;2;2;1;1;1;0;0;0;2;9;5;4;1
0;169;0;0;114;0;3;3;2;15;1;3;2;2;1;1;1;0;0;0;2;9;5;4;1
0;169;0;0;114;0;3;3;2;15;1;3;2;2;1;1;1;0;0;0;2;9;5;4;1
0;169;0;0;114;0;3;3;2;15;1;3;2;2;1;1;1;0;0;0;2;9;5;4;1
0;169;0;0;114;0;3;3;2;15;1;3;2;2;1;1;1;0;0;0;2;9;5;4;1
0;169;0;0;114;0;3;3;2;15;1;3;2;2;1;1;1;0;0;0;2;9;5;4;1
0;169;0;0;114;0;3;3;2;15;1;3;2;2;1;1;1;0;0;0;2;9;5;4;1
0;169;0;0;114;0;3;3;2;15;1;3;2;2;1;1;1;0;0;0;2;9;5;4;1
0;169;0;0;114;0;3;3;2;15;1;3;2;2;1;1;1;0;0;0;2;9;5;4;1
0;169;0;0;114;0;3;3;2;15;1;3;2;2;1;1;1;0;0;0;2;9;5;4;1
0;169;0;0;114;0;3;3;2;15;1;3;2;2;1;1;1;0;0;0;2;9;5;4;1
0;169;0;0;114;0;3;3;2;15;1;3;2;2;1;1;1;0;0;0;2;9;5;4;1
0;55;0;0;0;0;3;3;2;15;1;3;2;2;1;1;1;0;0;0;2;9;5;4;1
0;55;0;0;0;0;3;3;2;15;1;3;2;2;1;1;1;0;0;0;2;9;5;4;1
0;55;0;0;0;0;3;3;2;15;1;3;2;2;1;1;1;0;0;0;2;9;5;4;1
0;55;0;0;0;0;3;3;2;15;1;3;2;2;1;1;1;0;0;0;2;9;5;4;1
0;55;0;0;0;0;3;3;2;15;1;3;2;2;1;1;1;0;0;0;2;9;5;4;1
0;55;0;0;0;0;3;3;2;15;1;3;2;2;1;1;1;0;0;0;2;9;5;4;1
0;55;0;0;0;0;3;3;2;15;1;3;2;2;1;1;1;0;0;0;2;9;5;4;1
0;55;0;0;0;0;3;3;2;15;1;3;2;2;1;1;1;0;0;0;2;9;5;4;1
0;55;0;0;0;0;3;3;2;15;1;3;2;2;1;1;1;0;0;0;2;9;5;4;1
0;55;0;0;0;0;3;3;2;15;1;3;2;2;1;1;1;0;0;0;2;9;5;4;1
0;55;0;0;0;0;3;3;2;15;1;3;2;2;1;1;1;0;0;0;2;9;5;4;1
0;55;0;0;0;0;3;3;2;15;1;3;2;2;1;1;1;0;0;0;2;9;5;4;1
0;55;0;0;0;0;3;3;2;15;1;3;2;2;1;1;1;0;0;0;2;9;5;4;1
0;55;0;0;0;0;3;3;2;15;1;3;2;2;1;1;1;0;0;0;2;9;5;4;1
0;55;0;0;0;0;3;3;2;15;1;3;2;2;1;1;1;0;0;0;2;9;5;4;1
0;55;0;0;0;0;3;3;2;15;1;3;2;2;1;1;1;0;0;0;2;9;5;4;1
0;55;0;0;0;0;3;3;2;15;1;3;2;2;1;1;1;0;0;0;2;9;5;4;1
0;55;0;0;0;0;3;3;2;15;1;3;2;2;1;1;1;0;0;0;2;9;5;4;1
0;55;0;0;0;0;3;3;2;15;1;3;2;2;1;1;1;0;0;0;2;9;5;4;1
0;55;0;0;0;0;3;3;2;15;1;3;2;2;1;1;1;0;0;0;2;9;5;4;1
0;55;0;0;0;0;3;3;2;15;1;3;2;2;1;1;1;0;0;0;2;9;5;4;1
0;55;0;0;0;0;3;3;2;15;1;3;2;2;1;1;1;0;0;0;2;9;5;4;1
0;55;0;0;0;0;3;3;2;15;1;3;2;2;1;1;1;0;0;0;2;9;5;4;1
0;55;0;0;0;0;3;3;2;15;1;3;2;2;1;1;1;0;0;0;2;9;5;4;1
0;55;0;0;0;0;3;3;2;15;1;3;2;2;1;1;1;0;0;0;2;9;5;4;1
0;55;0;0;0;0;3;3;2;15;1;3;2;2;1;1;1;0;0;0;2;9;5;4;1
0;55;0;0;0;0;3;3;2;15;1;3;2;2;1;1;1;0;0;0;2;9;5;4;1
0;55;0;0;0;0;3;3;2;15;1;3;2;2;1;1;1;0;0;0;2;9;5;4;1
0;55;0;0;0;0;3;3;2;15;1;3;2;2;1;1;1;0;0;0;2;9;5;4;1
0;240;0;185;0;0;3;3;2;15;1;3;2;2;1;1;1;0;0;0;2;9;5;4;1
0;240;0;185;0;0;3;3;2;15;1;3;2;2;1;1;1;0;0;0;2;9;5;4;1
0;240;0;185;0;0;3;3;2;15;1;3;2;2;1;1;1;0;0;0;2;9;5;4;1
0;240;0;185;0;0;3;3;2;15;1;3;2;2;1;1;1;0;0;0;2;9;5;4;1
0;240;0;185;0;0;3;3;2;15;1;3;2;2;1;1;1;0;0;0;2;9;5;4;1
0;240;0;185;0;0;3;3;2;15;1;3;2;2;1;1;1;0;0;0;2;9;5;4;1
0;240;0;185;0;0;3;3;2;15;1;3;2;2;1;1;1;0;0;0;2;9;5;4;1
0;240;0;185;0;0;3;3;2;15;1;3;2;2;1;1;1;0;0;0;2;9;5;4;1
0;240;0;185;0;0;3;3;2;15;1;3;2;2;1;1;1;0;0;0;2;9;5;4;1
0;240;0;185;0;0;3;3;2;15;1;3;2;2;1;1;1;0;0;0;2;9;5;4;1
0;240;0;185;0;0;3;3;2;15;1;3;2;2;1;1;1;0;0;0;2;9;5;4;1
0;240;0;185;0;0;3;3;2;15;1;3;2;2;1;1;1;0;0;0;2;9;5;4;1
0;354;0;185;114;0;3;3;2;15;1;3;2;2;1;1;1;0;0;0;2;9;5;4;1
0;354;0;185;114;0;3;3;2;15;1;3;2;2;1;1;1;0;0;0;2;9;5;4;1
0;354;0;185;114;0;3;3;2;15;1;3;2;2;1;1;1;0;0;0;2;9;5;4;1
0;354;0;185;114;0;3;3;2;15;1;3;2;2;1;1;1;0;0;0;2;9;5;4;1
0;354;0;185;114;0;3;3;2;15;1;3;2;2;1;1;1;0;0;0;2;9;5;4;1
0;354;0;185;114;0;3;3;2;15;1;3;2;2;1;1;1;0;0;0;2;9;5;4;1
0;507;0;185;114;153;3;3;2;15;1;3;2;2;1;1;1;0;0;0;2;9;5;4;1
0;507;0;185;114;153;3;3;2;15;1;3;2;2;1;1;1;0;0;0;2;9;5;4;1
0;507;0;185;114;153;3;3;2;15;1;3;2;2;1;1;1;0;0;0;2;9;5;4;1
0;507;0;185;114;153;3;3;2;15;1;3;2;2;1;1;1;0;0;0;2;9;5;4;1
0;322;0;0;114;153;3;3;2;15;1;3;2;2;1;1;1;0;0;0;2;9;5;4;1
0;322;0;0;114;153;3;3;2;15;1;3;2;2;1;1;1;0;0;0;2;9;5;4;1
0;322;0;0;114;153;3;3;2;15;1;3;2;2;1;1;1;0;0;0;2;9;5;4;1
0;322;0;0;114;153;3;3;2;15;1;3;2;2;1;1;1;0;0;0;2;9;5;4;1
0;322;0;0;114;153;3;3;2;15;1;3;2;2;1;1;1;0;0;0;2;9;5;4;1
0;322;0;0;114;153;3;3;2;15;1;3;2;2;1;1;1;0;0;0;2;9;5;4;1
0;322;0;0;114;153;3;3;2;15;1;3;2;2;1;1;1;0;0;0;2;9;5;4;1
0;322;0;0;114;153;3;3;2;15;1;3;2;2;1;1;1;0;0;0;2;9;5;4;1
0;208;0;0;0;153;3;3;2;15;1;3;2;2;1;1;1;0;0;0;2;9;5;4;1
0;208;0;0;0;153;3;3;2;15;1;3;2;2;1;1;1;0;0;0;2;9;5;4;1
0;208;0;0;0;153;3;3;2;15;1;3;2;2;1;1;1;0;0;0;2;9;5;4;1
0;208;0;0;0;153;3;3;2;15;1;3;2;2;1;1;1;0;0;0;2;9;5;4;1
0;208;0;0;0;153;3;3;2;15;1;3;2;2;1;1;1;0;0;0;2;9;5;4;1
0;208;0;0;0;153;3;3;2;15;1;3;2;2;1;1;1;0;0;0;2;9;5;4;1
0;208;0;0;0;153;3;3;2;15;1;3;2;2;1;1;1;0;0;0;2;9;5;4;1
0;208;0;0;0;153;3;3;2;15;1;3;2;2;1;1;1;0;0;0;2;9;5;4;1
0;55;0;0;0;0;3;3;2;15;1;3;2;2;1;1;1;0;0;0;2;9;5;4;1
0;55;0;0;0;0;3;3;2;15;1;3;2;2;1;1;1;0;0;0;2;9;5;4;1
0;55;0;0;0;0;3;3;2;15;1;3;2;2;1;1;1;0;0;0;2;9;5;4;1
0;55;0;0;0;0;3;3;2;15;1;3;2;2;1;1;1;0;0;0;2;9;5;4;1
0;55;0;0;0;0;3;3;2;15;1;3;2;2;1;1;1;0;0;0;2;9;5;4;1
0;55;0;0;0;0;3;3;2;15;1;3;2;2;1;1;1;0;0;0;2;9;5;4;1
0;55;0;0;0;0;3;3;2;15;1;3;2;2;1;1;1;0;0;0;2;9;5;4;1
0;55;0;0;0;0;3;3;2;15;1;3;2;2;1;1;1;0;0;0;2;9;5;4;1
0;55;0;0;0;0;3;3;2;15;1;3;2;2;1;1;1;0;0;0;2;9;5;4;1
0;55;0;0;0;0;3;3;2;15;1;3;2;2;1;1;1;0;0;0;2;9;5;4;1
0;55;0;0;0;0;3;3;2;15;1;3;2;2;1;1;1;0;0;0;2;9;5;4;1
0;55;0;0;0;0;3;3;2;15;1;3;2;2;1;1;1;0;0;0;2;9;5;4;1
0;55;0;0;0;0;3;3;2;15;1;3;2;2;1;1;1;0;0;0;2;9;5;4;1
0;55;0;0;0;0;3;3;2;15;1;3;2;2;1;1;1;0;0;0;2;9;5;4;1
0;55;0;0;0;0;3;3;2;15;1;3;2;2;1;1;1;0;0;0;2;9;5;4;1
0;55;0;0;0;0;3;3;2;15;1;3;2;2;1;1;1;0;0;0;2;9;5;4;1
0;55;0;0;0;0;3;3;2;15;1;3;2;2;1;1;1;0;0;0;2;9;5;4;1
0;55;0;0;0;0;3;3;2;15;1;3;2;2;1;1;1;0;0;0;2;9;5;4;1
0;55;0;0;0;0;3;3;2;15;1;3;2;2;1;1;1;0;0;0;2;9;5;4;1
0;55;0;0;0;0;3;3;2;15;1;3;2;2;1;1;1;0;0;0;2;9;5;4;1
0;55;0;0;0;0;3;3;2;15;1;3;2;2;1;1;1;0;0;0;2;9;5;4;1
0;55;0;0;0;0;3;3;2;15;1;3;2;2;1;1;1;0;0;0;2;9;5;4;1
0;55;0;0;0;0;3;3;2;15;1;3;2;2;1;1;1;0;0;0;2;9;5;4;1
0;55;0;0;0;0;3;3;2;15;1;3;2;2;1;1;1;0;0;0;2;9;5;4;1
0;55;0;0;0;0;3;3;2;15;1;3;2;2;1;1;1;0;0;0;2;9;5;4;1
0;55;0;0;0;0;3;3;2;15;1;3;2;2;1;1;1;0;0;0;2;9;5;4;1
0;55;0;0;0;0;3;3;2;15;1;3;2;2;1;1;1;0;0;0;2;9;5;4;1
0;55;0;0;0;0;3;3;2;15;1;3;2;2;1;1;1;0;0;0;2;9;5;4;1
0;55;0;0;0;0;3;3;2;15;1;3;2;2;1;1;1;0;0;0;2;9;5;4;1
0;55;0;0;0;0;3;3;2;15;1;3;2;2;1;1;1;0;0;0;2;9;5;4;1
0;55;0;0;0;0;3;3;2;15;1;3;2;2;1;1;1;0;0;0;2;9;5;4;1
0;55;0;0;0;0;3;3;2;15;1;3;2;2;1;1;1;0;0;0;2;9;5;4;1
0;240;0;185;0;0;3;3;2;15;1;3;2;2;1;1;1;0;0;0;2;9;5;4;1
0;240;0;185;0;0;3;3;2;15;1;3;2;2;1;1;1;0;0;0;2;9;5;4;1
0;240;0;185;0;0;3;3;2;15;1;3;2;2;1;1;1;0;0;0;2;9;5;4;1
0;240;0;185;0;0;3;3;2;15;1;3;2;2;1;1;1;0;0;0;2;9;5;4;1
0;240;0;185;0;0;3;3;2;15;1;3;2;2;1;1;1;0;0;0;2;9;5;4;1
0;240;0;185;0;0;3;3;2;15;1;3;2;2;1;1;1;0;0;0;2;9;5;4;1
0;240;0;185;0;0;3;3;2;15;1;3;2;2;1;1;1;0;0;0;2;9;5;4;1
0;240;0;185;0;0;3;3;2;15;1;3;2;2;1;1;1;0;0;0;2;9;5;4;1
0;240;0;185;0;0;3;3;2;15;1;3;2;2;1;1;1;0;0;0;2;9;5;4;1
0;240;0;185;0;0;3;3;2;15;1;3;2;2;1;1;1;0;0;0;2;9;5;4;1
0;240;0;185;0;0;3;3;2;15;1;3;2;2;1;1;1;0;0;0;2;9;5;4;1
0;240;0;185;0;0;3;3;2;15;1;3;2;2;1;1;1;0;0;0;2;9;5;4;1
0;240;0;185;0;0;3;3;2;15;1;3;2;2;1;1;1;0;0;0;2;9;5;4;1
0;240;0;185;0;0;3;3;2;15;1;3;2;2;1;1;1;0;0;0;2;9;5;4;1
0;240;0;185;0;0;3;3;2;15;1;3;2;2;1;1;1;0;0;0;2;9;5;4;1
0;240;0;185;0;0;3;3;2;15;1;3;2;2;1;1;1;0;0;0;2;9;5;4;1
0;393;0;185;0;153;3;3;2;15;1;3;2;2;1;1;1;0;0;0;2;9;5;4;1
0;393;0;185;0;153;3;3;2;15;1;3;2;2;1;1;1;0;0;0;2;9;5;4;1
0;393;0;185;0;153;3;3;2;15;1;3;2;2;1;1;1;0;0;0;2;9;5;4;1
0;393;0;185;0;153;3;3;2;15;1;3;2;2;1;1;1;0;0;0;2;9;5;4;1
0;393;0;185;0;153;3;3;2;15;1;3;2;2;1;1;1;0;0;0;2;9;5;4;1
0;393;0;185;0;153;3;3;2;15;1;3;2;2;1;1;1;0;0;0;2;9;5;4;1
0;208;0;0;0;153;3;3;2;15;1;3;2;2;1;1;1;0;0;0;2;9;5;4;1
0;208;0;0;0;153;3;3;2;15;1;3;2;2;1;1;1;0;0;0;2;9;5;4;1
0;208;0;0;0;153;3;3;2;15;1;3;2;2;1;1;1;0;0;0;2;9;5;4;1
0;208;0;0;0;153;3;3;2;15;1;3;2;2;1;1;1;0;0;0;2;9;5;4;1
0;208;0;0;0;153;3;3;2;15;1;3;2;2;1;1;1;0;0;0;2;9;5;4;1
0;208;0;0;0;153;3;3;2;15;1;3;2;2;1;1;1;0;0;0;2;9;5;4;1
0;208;0;0;0;153;3;3;2;15;1;3;2;2;1;1;1;0;0;0;2;9;5;4;1
0;208;0;0;0;153;3;3;2;15;1;3;2;2;1;1;1;0;0;0;2;9;5;4;1
0;208;0;0;0;153;3;3;2;15;1;3;2;2;1;1;1;0;0;0;2;9;5;4;1
0;208;0;0;0;153;3;3;2;15;1;3;2;2;1;1;1;0;0;0;2;9;5;4;1
0;208;0;0;0;153;3;3;2;15;1;3;2;2;1;1;1;0;0;0;2;9;5;4;1
0;208;0;0;0;153;3;3;2;15;1;3;2;2;1;1;1;0;0;0;2;9;5;4;1
0;208;0;0;0;153;3;3;2;15;1;3;2;2;1;1;1;0;0;0;2;9;5;4;1
0;208;0;0;0;153;3;3;2;15;1;3;2;2;1;1;1;0;0;0;2;9;5;4;1
0;55;0;0;0;0;3;3;2;15;1;3;2;2;1;1;1;0;0;0;2;9;5;4;1
0;55;0;0;0;0;3;3;2;15;1;3;2;2;1;1;1;0;0;0;2;9;5;4;1
0;55;0;0;0;0;3;3;2;15;1;3;2;2;1;1;1;0;0;0;2;9;5;4;1
0;55;0;0;0;0;3;3;2;15;1;3;2;2;1;1;1;0;0;0;2;9;5;4;1
0;55;0;0;0;0;3;3;2;15;1;3;2;2;1;1;1;0;0;0;2;9;5;4;1
0;55;0;0;0;0;3;3;2;15;1;3;2;2;1;1;1;0;0;0;2;9;5;4;1
0;169;0;0;114;0;3;3;2;15;1;3;2;2;1;1;1;0;0;0;2;9;5;4;1
0;169;0;0;114;0;3;3;2;15;1;3;2;2;1;1;1;0;0;0;2;9;5;4;1
0;169;0;0;114;0;3;3;2;15;1;3;2;2;1;1;1;0;0;0;2;9;5;4;1
0;169;0;0;114;0;3;3;2;15;1;3;2;2;1;1;1;0;0;0;2;9;5;4;1
0;169;0;0;114;0;3;3;2;15;1;3;2;2;1;1;1;0;0;0;2;9;5;4;1
0;169;0;0;114;0;3;3;2;15;1;3;2;2;1;1;1;0;0;0;2;9;5;4;1
0;169;0;0;114;0;3;3;2;15;1;3;2;2;1;1;1;0;0;0;2;9;5;4;1
0;169;0;0;114;0;3;3;2;15;1;3;2;2;1;1;1;0;0;0;2;9;5;4;1
0;169;0;0;114;0;3;3;2;15;1;3;2;2;1;1;1;0;0;0;2;9;5;4;1
0;169;0;0;114;0;3;3;2;15;1;3;2;2;1;1;1;0;0;0;2;9;5;4;1
0;169;0;0;114;0;3;3;2;15;1;3;2;2;1;1;1;0;0;0;2;9;5;4;1
0;169;0;0;114;0;3;3;2;15;1;3;2;2;1;1;1;0;0;0;2;9;5;4;1
0;169;0;0;114;0;3;3;2;15;1;3;2;2;1;1;1;0;0;0;2;9;5;4;1
0;169;0;0;114;0;3;3;2;15;1;3;2;2;1;1;1;0;0;0;2;9;5;4;1
0;169;0;0;114;0;3;3;2;15;1;3;2;2;1;1;1;0;0;0;2;9;5;4;1
0;169;0;0;114;0;3;3;2;15;1;3;2;2;1;1;1;0;0;0;2;9;5;4;1
0;169;0;0;114;0;3;3;2;15;1;3;2;2;1;1;1;0;0;0;2;9;5;4;1
0;169;0;0;114;0;3;3;2;15;1;3;2;2;1;1;1;0;0;0;2;9;5;4;1
0;55;0;0;0;0;3;3;2;15;1;3;2;2;1;1;1;0;0;0;2;9;5;4;1
0;55;0;0;0;0;3;3;2;15;1;3;2;2;1;1;1;0;0;0;2;9;5;4;1
0;55;0;0;0;0;3;3;2;15;1;3;2;2;1;1;1;0;0;0;2;9;5;4;1
0;55;0;0;0;0;3;3;2;15;1;3;2;2;1;1;1;0;0;0;2;9;5;4;1
0;55;0;0;0;0;3;3;2;15;1;3;2;2;1;1;1;0;0;0;2;9;5;4;1
0;55;0;0;0;0;3;3;2;15;1;3;2;2;1;1;1;0;0;0;2;9;5;4;1
0;55;0;0;0;0;3;3;2;15;1;3;2;2;1;1;1;0;0;0;2;9;5;4;1
0;240;0;185;0;0;3;3;2;15;1;3;2;2;1;1;1;0;0;0;2;9;5;4;1
0;240;0;185;0;0;3;3;2;15;1;3;2;2;1;1;1;0;0;0;2;9;5;4;1
0;240;0;185;0;0;3;3;2;15;1;3;2;2;1;1;1;0;0;0;2;9;5;4;1
0;240;0;185;0;0;3;3;2;15;1;3;2;2;1;1;1;0;0;0;2;9;5;4;1
0;240;0;185;0;0;3;3;2;15;1;3;2;2;1;1;1;0;0;0;2;9;5;4;1
0;240;0;185;0;0;3;3;2;15;1;3;2;2;1;1;1;0;0;0;2;9;5;4;1
0;240;0;185;0;0;3;3;2;15;1;3;2;2;1;1;1;0;0;0;2;9;5;4;1
0;240;0;185;0;0;3;3;2;15;1;3;2;2;1;1;1;0;0;0;2;9;5;4;1
0;240;0;185;0;0;3;3;2;15;1;3;2;2;1;1;1;0;0;0;2;9;5;4;1
0;240;0;185;0;0;3;3;2;15;1;3;2;2;1;1;1;0;0;0;2;9;5;4;1
0;240;0;185;0;0;3;3;2;15;1;3;2;2;1;1;1;0;0;0;2;9;5;4;1
0;240;0;185;0;0;3;3;2;15;1;3;2;2;1;1;1;0;0;0;2;9;5;4;1
0;240;0;185;0;0;3;3;2;15;1;3;2;2;1;1;1;0;0;0;2;9;5;4;1
0;240;0;185;0;0;3;3;2;15;1;3;2;2;1;1;1;0;0;0;2;9;5;4;1
0;240;0;185;0;0;3;3;2;15;1;3;2;2;1;1;1;0;0;0;2;9;5;4;1
0;240;0;185;0;0;3;3;2;15;1;3;2;2;1;1;1;0;0;0;2;9;5;4;1
0;240;0;185;0;0;3;3;2;15;1;3;2;2;1;1;1;0;0;0;2;9;5;4;1
0;240;0;185;0;0;3;3;2;15;1;3;2;2;1;1;1;0;0;0;2;9;5;4;1
0;240;0;185;0;0;3;3;2;15;1;3;2;2;1;1;1;0;0;0;2;9;5;4;1
0;240;0;185;0;0;3;3;2;15;1;3;2;2;1;1;1;0;0;0;2;9;5;4;1
0;240;0;185;0;0;3;3;2;15;1;3;2;2;1;1;1;0;0;0;2;9;5;4;1
0;240;0;185;0;0;3;3;2;15;1;3;2;2;1;1;1;0;0;0;2;9;5;4;1
0;55;0;0;0;0;3;3;2;15;1;3;2;2;1;1;1;0;0;0;2;9;5;4;1
0;55;0;0;0;0;3;3;2;15;1;3;2;2;1;1;1;0;0;0;2;9;5;4;1
0;55;0;0;0;0;3;3;2;15;1;3;2;2;1;1;1;0;0;0;2;9;5;4;1
0;55;0;0;0;0;3;3;2;15;1;3;2;2;1;1;1;0;0;0;2;9;5;4;1
0;55;0;0;0;0;3;3;2;15;1;3;2;2;1;1;1;0;0;0;2;9;5;4;1
0;55;0;0;0;0;3;3;2;15;1;3;2;2;1;1;1;0;0;0;2;9;5;4;1
0;55;0;0;0;0;3;3;2;15;1;3;2;2;1;1;1;0;0;0;2;9;5;4;1
0;55;0;0;0;0;3;3;2;15;1;3;2;2;1;1;1;0;0;0;2;9;5;4;1
0;55;0;0;0;0;3;3;2;15;1;3;2;2;1;1;1;0;0;0;2;9;5;4;1
0;55;0;0;0;0;3;3;2;15;1;3;2;2;1;1;1;0;0;0;2;9;5;4;1
0;55;0;0;0;0;3;3;2;15;1;3;2;2;1;1;1;0;0;0;2;9;5;4;1
0;55;0;0;0;0;3;3;2;15;1;3;2;2;1;1;1;0;0;0;2;9;5;4;1
0;55;0;0;0;0;3;3;2;15;1;3;2;2;1;1;1;0;0;0;2;9;5;4;1
0;55;0;0;0;0;3;3;2;15;1;3;2;2;1;1;1;0;0;0;2;9;5;4;1
0;55;0;0;0;0;3;3;2;15;1;3;2;2;1;1;1;0;0;0;2;9;5;4;1
0;55;0;0;0;0;3;3;2;15;1;3;2;2;1;1;1;0;0;0;2;9;5;4;1
0;55;0;0;0;0;3;3;2;15;1;3;2;2;1;1;1;0;0;0;2;9;5;4;1
0;55;0;0;0;0;3;3;2;15;1;3;2;2;1;1;1;0;0;0;2;9;5;4;1
0;55;0;0;0;0;3;3;2;15;1;3;2;2;1;1;1;0;0;0;2;9;5;4;1
1;55;0;0;0;0;3;3;2;15;1;3;2;2;1;1;1;0;0;0;2;9;5;4;1
1;595;540;0;0;0;3;3;2;15;1;3;2;2;1;1;1;0;0;0;2;9;5;4;1
1;595;540;0;0;0;3;3;2;15;1;3;2;2;1;1;1;0;0;0;2;9;5;4;1
1;595;540;0;0;0;3;3;2;15;1;3;2;2;1;1;1;0;0;0;2;9;5;4;1
1;595;540;0;0;0;3;3;2;15;1;3;2;2;1;1;1;0;0;0;2;9;5;4;1
1;2565;540;0;0;0;3;3;2;15;1;1973;2;2;1;1;1;0;0;0;2;9;5;4;1
1;2565;540;0;0;0;3;3;2;15;1;1973;2;2;1;1;1;0;0;0;2;9;5;4;1
1;2565;540;0;0;0;3;3;2;15;1;1973;2;2;1;1;1;0;0;0;2;9;5;4;1
1;2565;540;0;0;0;3;3;2;15;1;1973;2;2;1;1;1;0;0;0;2;9;5;4;1
1;2565;540;0;0;0;3;3;2;15;1;1973;2;2;1;1;1;0;0;0;2;9;5;4;1
2;2565;540;0;0;0;3;3;2;15;1;1973;2;2;1;1;1;0;0;0;2;9;5;4;1
2;2665;640;0;0;0;3;3;2;15;1;1973;2;2;1;1;1;0;0;0;2;9;5;4;1
2;2665;640;0;0;0;3;3;2;15;1;1973;2;2;1;1;1;0;0;0;2;9;5;4;1
2;2665;640;0;0;0;3;3;2;15;1;1973;2;2;1;1;1;0;0;0;2;9;5;4;1
2;2665;640;0;0;0;3;3;2;15;1;1973;2;2;1;1;1;0;0;0;2;9;5;4;1
2;2785;760;0;0;0;3;3;2;15;1;1973;2;2;1;1;1;0;0;0;2;9;5;4;1
2;2785;760;0;0;0;3;3;2;15;1;1973;2;2;1;1;1;0;0;0;2;9;5;4;1
2;2785;760;0;0;0;3;3;2;15;1;1973;2;2;1;1;1;0;0;0;2;9;5;4;1
2;2845;820;0;0;0;3;3;2;15;1;1973;2;2;1;1;1;0;0;0;2;9;5;4;1
2;2845;820;0;0;0;3;3;2;15;1;1973;2;2;1;1;1;0;0;0;2;9;5;4;1
1;2998;820;0;0;153;3;3;2;15;1;1973;2;2;1;1;1;0;0;0;2;9;5;4;1
1;2998;820;0;0;153;3;3;2;15;1;1973;2;2;1;1;1;0;0;0;2;9;5;4;1
1;2998;820;0;0;153;3;3;2;15;1;1973;2;2;1;1;1;0;0;0;2;9;5;4;1
1;2998;820;0;0;153;3;3;2;15;1;1973;2;2;1;1;1;0;0;0;2;9;5;4;1
1;3038;860;0;0;153;3;3;2;15;1;1973;2;2;1;1;1;0;0;0;2;9;5;4;1
1;3038;860;0;0;153;3;3;2;15;1;1973;2;2;1;1;1;0;0;0;2;9;5;4;1
1;3153;975;0;0;153;3;3;2;15;1;1973;2;2;1;1;1;0;0;0;2;9;5;4;1
1;3253;1075;0;0;153;3;3;2;15;1;1973;2;2;1;1;1;0;0;0;2;9;5;4;1
1;3253;1075;0;0;153;3;3;2;15;1;1973;2;2;1;1;1;0;0;0;2;9;5;4;1
1;3253;1075;0;0;153;3;3;2;15;1;1973;2;2;1;1;1;0;0;0;2;9;5;4;1
1;3253;1075;0;0;153;3;3;2;15;1;1973;2;2;1;1;1;0;0;0;2;9;5;4;1
1;3353;1175;0;0;153;3;3;2;15;1;1973;2;2;1;1;1;0;0;0;2;9;5;4;1
1;1383;1175;0;0;153;3;3;2;15;1;3;2;2;1;1;1;0;0;0;2;9;5;4;1
1;1443;1235;0;0;153;3;3;2;15;1;3;2;2;1;1;1;0;0;0;2;9;5;4;1
1;1443;1235;0;0;153;3;3;2;15;1;3;2;2;1;1;1;0;0;0;2;9;5;4;1
1;1443;1235;0;0;153;3;3;2;15;1;3;2;2;1;1;1;0;0;0;2;9;5;4;1
1;1533;1325;0;0;153;3;3;2;15;1;3;2;2;1;1;1;0;0;0;2;9;5;4;1
1;1687;1365;0;114;153;3;3;2;15;1;3;2;2;1;1;1;0;0;0;2;9;5;4;1
1;1687;1365;0;114;153;3;3;2;15;1;3;2;2;1;1;1;0;0;0;2;9;5;4;1
1;1747;1425;0;114;153;3;3;2;15;1;3;2;2;1;1;1;0;0;0;2;9;5;4;1
1;1594;1425;0;114;0;3;3;2;15;1;3;2;2;1;1;1;0;0;0;2;9;5;4;1
1;1664;1495;0;114;0;3;3;2;15;1;3;2;2;1;1;1;0;0;0;2;9;5;4;1
1;1664;1495;0;114;0;3;3;2;15;1;3;2;2;1;1;1;0;0;0;2;9;5;4;1
1;1724;1555;0;114;0;3;3;2;15;1;3;2;2;1;1;1;0;0;0;2;9;5;4;1
1;1724;1555;0;114;0;3;3;2;15;1;3;2;2;1;1;1;0;0;0;2;9;5;4;1
1;3794;1555;0;114;0;3;3;2;15;1;3;2;2;1;1;1;0;0;0;2;9;5;4;2071
1;3794;1555;0;114;0;3;3;2;15;1;3;2;2;1;1;1;0;0;0;2;9;5;4;2071
1;3805;1555;0;114;0;3;3;2;26;1;3;2;2;1;1;1;0;0;0;2;9;5;4;2071
1;1735;1555;0;114;0;3;3;2;26;1;3;2;2;1;1;1;0;0;0;2;9;5;4;1
1;1735;1555;0;114;0;3;3;2;26;1;3;2;2;1;1;1;0;0;0;2;9;5;4;1
1;1735;1555;0;114;0;3;3;2;26;1;3;2;2;1;1;1;0;0;0;2;9;5;4;1
1;1735;1555;0;114;0;3;3;2;26;1;3;2;2;1;1;1;0;0;0;2;9;5;4;1
1;1735;1555;0;114;0;3;3;2;26;1;3;2;2;1;1;1;0;0;0;2;9;5;4;1
1;1775;1595;0;114;0;3;3;2;26;1;3;2;2;1;1;1;0;0;0;2;9;5;4;1
1;1775;1595;0;114;0;3;3;2;26;1;3;2;2;1;1;1;0;0;0;2;9;5;4;1
1;1696;1630;0;0;0;3;3;2;26;1;3;2;2;1;1;1;0;0;0;2;9;5;4;1
1;1696;1630;0;0;0;3;3;2;26;1;3;2;2;1;1;1;0;0;0;2;9;5;4;1
1;3766;1630;0;0;0;3;3;2;26;1;3;2;2;1;1;1;0;0;0;2;9;5;4;2071
1;3766;1630;0;0;0;3;3;2;26;1;3;2;2;1;1;1;0;0;0;2;9;5;4;2071
1;3766;1630;0;0;0;3;3;2;26;1;3;2;2;1;1;1;0;0;0;2;9;5;4;2071
1;1696;1630;0;0;0;3;3;2;26;1;3;2;2;1;1;1;0;0;0;2;9;5;4;1
1;1696;1630;0;0;0;3;3;2;26;1;3;2;2;1;1;1;0;0;0;2;9;5;4;1
1;1696;1630;0;0;0;3;3;2;26;1;3;2;2;1;1;1;0;0;0;2;9;5;4;1
1;1696;1630;0;0;0;3;3;2;26;1;3;2;2;1;1;1;0;0;0;2;9;5;4;1
1;1696;1630;0;0;0;3;3;2;26;1;3;2;2;1;1;1;0;0;0;2;9;5;4;1
1;1696;1630;0;0;0;3;3;2;26;1;3;2;2;1;1;1;0;0;0;2;9;5;4;1
1;1708;1642;0;0;0;3;3;2;26;1;3;2;2;1;1;1;0;0;0;2;9;5;4;1
1;1768;1702;0;0;0;3;3;2;26;1;3;2;2;1;1;1;0;0;0;2;9;5;4;1
1;1768;1702;0;0;0;3;3;2;26;1;3;2;2;1;1;1;0;0;0;2;9;5;4;1
1;1768;1702;0;0;0;3;3;2;26;1;3;2;2;1;1;1;0;0;0;2;9;5;4;1
1;1768;1702;0;0;0;3;3;2;26;1;3;2;2;1;1;1;0;0;0;2;9;5;4;1
1;1868;1802;0;0;0;3;3;2;26;1;3;2;2;1;1;1;0;0;0;2;9;5;4;1
1;1868;1802;0;0;0;3;3;2;26;1;3;2;2;1;1;1;0;0;0;2;9;5;4;1
1;1908;1842;0;0;0;3;3;2;26;1;3;2;2;1;1;1;0;0;0;2;9;5;4;1
1;1908;1842;0;0;0;3;3;2;26;1;3;2;2;1;1;1;0;0;0;2;9;5;4;1
1;2008;1942;0;0;0;3;3;2;26;1;3;2;2;1;1;1;0;0;0;2;9;5;4;1
1;2008;1942;0;0;0;3;3;2;26;1;3;2;2;1;1;1;0;0;0;2;9;5;4;1
1;2193;1942;185;0;0;3;3;2;26;1;3;2;2;1;1;1;0;0;0;2;9;5;4;1
1;2193;1942;185;0;0;3;3;2;26;1;3;2;2;1;1;1;0;0;0;2;9;5;4;1
1;2193;1942;185;0;0;3;3;2;26;1;3;2;2;1;1;1;0;0;0;2;9;5;4;1
2;2193;1942;185;0;0;3;3;2;26;1;3;2;2;1;1;1;0;0;0;2;9;5;4;1
2;2193;1942;185;0;0;3;3;2;26;1;3;2;2;1;1;1;0;0;0;2;9;5;4;1
2;2193;1942;185;0;0;3;3;2;26;1;3;2;2;1;1;1;0;0;0;2;9;5;4;1
2;2193;1942;185;0;0;3;3;2;26;1;3;2;2;1;1;1;0;0;0;2;9;5;4;1
2;2193;1942;185;0;0;3;3;2;26;1;3;2;2;1;1;1;0;0;0;2;9;5;4;1
2;2339;1942;185;0;0;3;3;2;26;1;3;2;2;1;1;1;0;0;0;2;9;151;4;1
2;2339;1942;185;0;0;3;3;2;26;1;3;2;2;1;1;1;0;0;0;2;9;151;4;1
2;2492;1942;185;0;153;3;3;2;26;1;3;2;2;1;1;1;0;0;0;2;9;151;4;1
2;2492;1942;185;0;153;3;3;2;26;1;3;2;2;1;1;1;0;0;0;2;9;151;4;1
2;2592;2042;185;0;153;3;3;2;26;1;3;2;2;1;1;1;0;0;0;2;9;151;4;1
2;2592;2042;185;0;153;3;3;2;26;1;3;2;2;1;1;1;0;0;0;2;9;151;4;1
2;2592;2042;185;0;153;3;3;2;26;1;3;2;2;1;1;1;0;0;0;2;9;151;4;1
2;2592;2042;185;0;153;3;3;2;26;1;3;2;2;1;1;1;0;0;0;2;9;151;4;1
2;2592;2042;185;0;153;3;3;2;26;1;3;2;2;1;1;1;0;0;0;2;9;151;4;1
2;2592;2042;185;0;153;3;3;2;26;1;3;2;2;1;1;1;0;0;0;2;9;151;4;1
2;2592;2042;185;0;153;3;3;2;26;1;3;2;2;1;1;1;0;0;0;2;9;151;4;1
2;2652;2102;185;0;153;3;3;2;26;1;3;2;2;1;1;1;0;0;0;2;9;151;4;1
2;2652;2102;185;0;153;3;3;2;26;1;3;2;2;1;1;1;0;0;0;2;9;151;4;1
2;2652;2102;185;0;153;3;3;2;26;1;3;2;2;1;1;1;0;0;0;2;9;151;4;1
2;2467;2102;0;0;153;3;3;2;26;1;3;2;2;1;1;1;0;0;0;2;9;151;4;1
2;2467;2102;0;0;153;3;3;2;26;1;3;2;2;1;1;1;0;0;0;2;9;151;4;1
2;2467;2102;0;0;153;3;3;2;26;1;3;2;2;1;1;1;0;0;0;2;9;151;4;1
2;2467;2102;0;0;153;3;3;2;26;1;3;2;2;1;1;1;0;0;0;2;9;151;4;1
2;2467;2102;0;0;153;3;3;2;26;1;3;2;2;1;1;1;0;0;0;2;9;151;4;1
2;2467;2102;0;0;153;3;3;2;26;1;3;2;2;1;1;1;0;0;0;2;9;151;4;1
2;2467;2102;0;0;153;3;3;2;26;1;3;2;2;1;1;1;0;0;0;2;9;151;4;1
2;2467;2102;0;0;153;3;3;2;26;1;3;2;2;1;1;1;0;0;0;2;9;151;4;1
2;2314;2102;0;0;0;3;3;2;26;1;3;2;2;1;1;1;0;0;0;2;9;151;4;1
2;2314;2102;0;0;0;3;3;2;26;1;3;2;2;1;1;1;0;0;0;2;9;151;4;1
2;2314;2102;0;0;0;3;3;2;26;1;3;2;2;1;1;1;0;0;0;2;9;151;4;1
2;2254;2042;0;0;0;3;3;2;26;1;3;2;2;1;1;1;0;0;0;2;9;151;4;1
2;2254;2042;0;0;0;3;3;2;26;1;3;2;2;1;1;1;0;0;0;2;9;151;4;1
2;2254;2042;0;0;0;3;3;2;26;1;3;2;2;1;1;1;0;0;0;2;9;151;4;1
2;2254;2042;0;0;0;3;3;2;26;1;3;2;2;1;1;1;0;0;0;2;9;151;4;1
2;2254;2042;0;0;0;3;3;2;26;1;3;2;2;1;1;1;0;0;0;2;9;151;4;1
2;2254;2042;0;0;0;3;3;2;26;1;3;2;2;1;1;1;0;0;0;2;9;151;4;1
2;2254;2042;0;0;0;3;3;2;26;1;3;2;2;1;1;1;0;0;0;2;9;151;4;1
2;2254;2042;0;0;0;3;3;2;26;1;3;2;2;1;1;1;0;0;0;2;9;151;4;1
2;2254;2042;0;0;0;3;3;2;26;1;3;2;2;1;1;1;0;0;0;2;9;151;4;1
2;2254;2042;0;0;0;3;3;2;26;1;3;2;2;1;1;1;0;0;0;2;9;151;4;1
2;2303;2102;0;0;0;3;3;2;15;1;3;2;2;1;1;1;0;0;0;2;9;151;4;1
2;2303;2102;0;0;0;3;3;2;15;1;3;2;2;1;1;1;0;0;0;2;9;151;4;1
2;2303;2102;0;0;0;3;3;2;15;1;3;2;2;1;1;1;0;0;0;2;9;151;4;1
2;2303;2102;0;0;0;3;3;2;15;1;3;2;2;1;1;1;0;0;0;2;9;151;4;1
2;2303;2102;0;0;0;3;3;2;15;1;3;2;2;1;1;1;0;0;0;2;9;151;4;1
2;2303;2102;0;0;0;3;3;2;15;1;3;2;2;1;1;1;0;0;0;2;9;151;4;1
2;2303;2102;0;0;0;3;3;2;15;1;3;2;2;1;1;1;0;0;0;2;9;151;4;1
2;2303;2102;0;0;0;3;3;2;15;1;3;2;2;1;1;1;0;0;0;2;9;151;4;1
2;2303;2102;0;0;0;3;3;2;15;1;3;2;2;1;1;1;0;0;0;2;9;151;4;1
2;2263;2062;0;0;0;3;3;2;15;1;3;2;2;1;1;1;0;0;0;2;9;151;4;1
0;55;0;0;0;0;3;3;2;15;1;3;2;2;1;1;1;0;0;0;2;9;5;4;1
0;55;0;0;0;0;3;3;2;15;1;3;2;2;1;1;1;0;0;0;2;9;5;4;1
0;55;0;0;0;0;3;3;2;15;1;3;2;2;1;1;1;0;0;0;2;9;5;4;1
0;55;0;0;0;0;3;3;2;15;1;3;2;2;1;1;1;0;0;0;2;9;5;4;1
0;55;0;0;0;0;3;3;2;15;1;3;2;2;1;1;1;0;0;0;2;9;5;4;1
0;55;0;0;0;0;3;3;2;15;1;3;2;2;1;1;1;0;0;0;2;9;5;4;1
0;55;0;0;0;0;3;3;2;15;1;3;2;2;1;1;1;0;0;0;2;9;5;4;1
0;55;0;0;0;0;3;3;2;15;1;3;2;2;1;1;1;0;0;0;2;9;5;4;1
0;55;0;0;0;0;3;3;2;15;1;3;2;2;1;1;1;0;0;0;2;9;5;4;1
0;55;0;0;0;0;3;3;2;15;1;3;2;2;1;1;1;0;0;0;2;9;5;4;1
0;55;0;0;0;0;3;3;2;15;1;3;2;2;1;1;1;0;0;0;2;9;5;4;1
0;55;0;0;0;0;3;3;2;15;1;3;2;2;1;1;1;0;0;0;2;9;5;4;1
0;55;0;0;0;0;3;3;2;15;1;3;2;2;1;1;1;0;0;0;2;9;5;4;1
0;55;0;0;0;0;3;3;2;15;1;3;2;2;1;1;1;0;0;0;2;9;5;4;1
0;55;0;0;0;0;3;3;2;15;1;3;2;2;1;1;1;0;0;0;2;9;5;4;1
0;55;0;0;0;0;3;3;2;15;1;3;2;2;1;1;1;0;0;0;2;9;5;4;1
0;55;0;0;0;0;3;3;2;15;1;3;2;2;1;1;1;0;0;0;2;9;5;4;1
0;55;0;0;0;0;3;3;2;15;1;3;2;2;1;1;1;0;0;0;2;9;5;4;1
0;55;0;0;0;0;3;3;2;15;1;3;2;2;1;1;1;0;0;0;2;9;5;4;1
0;55;0;0;0;0;3;3;2;15;1;3;2;2;1;1;1;0;0;0;2;9;5;4;1
0;55;0;0;0;0;3;3;2;15;1;3;2;2;1;1;1;0;0;0;2;9;5;4;1
0;55;0;0;0;0;3;3;2;15;1;3;2;2;1;1;1;0;0;0;2;9;5;4;1
0;55;0;0;0;0;3;3;2;15;1;3;2;2;1;1;1;0;0;0;2;9;5;4;1
0;208;0;0;0;153;3;3;2;15;1;3;2;2;1;1;1;0;0;0;2;9;5;4;1
0;208;0;0;0;153;3;3;2;15;1;3;2;2;1;1;1;0;0;0;2;9;5;4;1
0;208;0;0;0;153;3;3;2;15;1;3;2;2;1;1;1;0;0;0;2;9;5;4;1
0;208;0;0;0;153;3;3;2;15;1;3;2;2;1;1;1;0;0;0;2;9;5;4;1
0;208;0;0;0;153;3;3;2;15;1;3;2;2;1;1;1;0;0;0;2;9;5;4;1
0;208;0;0;0;153;3;3;2;15;1;3;2;2;1;1;1;0;0;0;2;9;5;4;1
0;208;0;0;0;153;3;3;2;15;1;3;2;2;1;1;1;0;0;0;2;9;5;4;1
0;208;0;0;0;153;3;3;2;15;1;3;2;2;1;1;1;0;0;0;2;9;5;4;1
0;208;0;0;0;153;3;3;2;15;1;3;2;2;1;1;1;0;0;0;2;9;5;4;1
0;208;0;0;0;153;3;3;2;15;1;3;2;2;1;1;1;0;0;0;2;9;5;4;1
0;208;0;0;0;153;3;3;2;15;1;3;2;2;1;1;1;0;0;0;2;9;5;4;1
0;208;0;0;0;153;3;3;2;15;1;3;2;2;1;1;1;0;0;0;2;9;5;4;1
0;208;0;0;0;153;3;3;2;15;1;3;2;2;1;1;1;0;0;0;2;9;5;4;1
0;208;0;0;0;153;3;3;2;15;1;3;2;2;1;1;1;0;0;0;2;9;5;4;1
0;322;0;0;114;153;3;3;2;15;1;3;2;2;1;1;1;0;0;0;2;9;5;4;1
0;322;0;0;114;153;3;3;2;15;1;3;2;2;1;1;1;0;0;0;2;9;5;4;1
0;322;0;0;114;153;3;3;2;15;1;3;2;2;1;1;1;0;0;0;2;9;5;4;1
0;322;0;0;114;153;3;3;2;15;1;3;2;2;1;1;1;0;0;0;2;9;5;4;1
0;322;0;0;114;153;3;3;2;15;1;3;2;2;1;1;1;0;0;0;2;9;5;4;1
0;322;0;0;114;153;3;3;2;15;1;3;2;2;1;1;1;0;0;0;2;9;5;4;1
0;169;0;0;114;0;3;3;2;15;1;3;2;2;1;1;1;0;0;0;2;9;5;4;1
0;169;0;0;114;0;3;3;2;15;1;3;2;2;1;1;1;0;0;0;2;9;5;4;1
0;169;0;0;114;0;3;3;2;15;1;3;2;2;1;1;1;0;0;0;2;9;5;4;1
0;169;0;0;114;0;3;3;2;15;1;3;2;2;1;1;1;0;0;0;2;9;5;4;1
0;169;0;0;114;0;3;3;2;15;1;3;2;2;1;1;1;0;0;0;2;9;5;4;1
0;169;0;0;114;0;3;3;2;15;1;3;2;2;1;1;1;0;0;0;2;9;5;4;1
0;169;0;0;114;0;3;3;2;15;1;3;2;2;1;1;1;0;0;0;2;9;5;4;1
0;169;0;0;114;0;3;3;2;15;1;3;2;2;1;1;1;0;0;0;2;9;5;4;1
0;169;0;0;114;0;3;3;2;15;1;3;2;2;1;1;1;0;0;0;2;9;5;4;1
0;169;0;0;114;0;3;3;2;15;1;3;2;2;1;1;1;0;0;0;2;9;5;4;1
0;169;0;0;114;0;3;3;2;15;1;3;2;2;1;1;1;0;0;0;2;9;5;4;1
0;169;0;0;114;0;3;3;2;15;1;3;2;2;1;1;1;0;0;0;2;9;5;4;1
0;55;0;0;0;0;3;3;2;15;1;3;2;2;1;1;1;0;0;0;2;9;5;4;1
0;55;0;0;0;0;3;3;2;15;1;3;2;2;1;1;1;0;0;0;2;9;5;4;1
0;55;0;0;0;0;3;3;2;15;1;3;2;2;1;1;1;0;0;0;2;9;5;4;1
0;55;0;0;0;0;3;3;2;15;1;3;2;2;1;1;1;0;0;0;2;9;5;4;1
0;55;0;0;0;0;3;3;2;15;1;3;2;2;1;1;1;0;0;0;2;9;5;4;1
0;240;0;185;0;0;3;3;2;15;1;3;2;2;1;1;1;0;0;0;2;9;5;4;1
0;240;0;185;0;0;3;3;2;15;1;3;2;2;1;1;1;0;0;0;2;9;5;4;1
0;240;0;185;0;0;3;3;2;15;1;3;2;2;1;1;1;0;0;0;2;9;5;4;1
0;240;0;185;0;0;3;3;2;15;1;3;2;2;1;1;1;0;0;0;2;9;5;4;1
0;240;0;185;0;0;3;3;2;15;1;3;2;2;1;1;1;0;0;0;2;9;5;4;1
0;240;0;185;0;0;3;3;2;15;1;3;2;2;1;1;1;0;0;0;2;9;5;4;1
0;240;0;185;0;0;3;3;2;15;1;3;2;2;1;1;1;0;0;0;2;9;5;4;1
0;240;0;185;0;0;3;3;2;15;1;3;2;2;1;1;1;0;0;0;2;9;5;4;1
0;240;0;185;0;0;3;3;2;15;1;3;2;2;1;1;1;0;0;0;2;9;5;4;1
0;240;0;185;0;0;3;3;2;15;1;3;2;2;1;1;1;0;0;0;2;9;5;4;1
0;240;0;185;0;0;3;3;2;15;1;3;2;2;1;1;1;0;0;0;2;9;5;4;1
0;240;0;185;0;0;3;3;2;15;1;3;2;2;1;1;1;0;0;0;2;9;5;4;1
0;240;0;185;0;0;3;3;2;15;1;3;2;2;1;1;1;0;0;0;2;9;5;4;1
0;240;0;185;0;0;3;3;2;15;1;3;2;2;1;1;1;0;0;0;2;9;5;4;1
0;240;0;185;0;0;3;3;2;15;1;3;2;2;1;1;1;0;0;0;2;9;5;4;1
0;240;0;185;0;0;3;3;2;15;1;3;2;2;1;1;1;0;0;0;2;9;5;4;1
0;240;0;185;0;0;3;3;2;15;1;3;2;2;1;1;1;0;0;0;2;9;5;4;1
0;240;0;185;0;0;3;3;2;15;1;3;2;2;1;1;1;0;0;0;2;9;5;4;1
0;240;0;185;0;0;3;3;2;15;1;3;2;2;1;1;1;0;0;0;2;9;5;4;1
0;240;0;185;0;0;3;3;2;15;1;3;2;2;1;1;1;0;0;0;2;9;5;4;1
0;240;0;185;0;0;3;3;2;15;1;3;2;2;1;1;1;0;0;0;2;9;5;4;1
0;240;0;185;0;0;3;3;2;15;1;3;2;2;1;1;1;0;0;0;2;9;5;4;1
0;55;0;0;0;0;3;3;2;15;1;3;2;2;1;1;1;0;0;0;2;9;5;4;1
0;55;0;0;0;0;3;3;2;15;1;3;2;2;1;1;1;0;0;0;2;9;5;4;1
0;55;0;0;0;0;3;3;2;15;1;3;2;2;1;1;1;0;0;0;2;9;5;4;1
0;55;0;0;0;0;3;3;2;15;1;3;2;2;1;1;1;0;0;0;2;9;5;4;1
0;55;0;0;0;0;3;3;2;15;1;3;2;2;1;1;1;0;0;0;2;9;5;4;1
0;55;0;0;0;0;3;3;2;15;1;3;2;2;1;1;1;0;0;0;2;9;5;4;1
0;55;0;0;0;0;3;3;2;15;1;3;2;2;1;1;1;0;0;0;2;9;5;4;1
0;55;0;0;0;0;3;3;2;15;1;3;2;2;1;1;1;0;0;0;2;9;5;4;1
0;55;0;0;0;0;3;3;2;15;1;3;2;2;1;1;1;0;0;0;2;9;5;4;1
0;55;0;0;0;0;3;3;2;15;1;3;2;2;1;1;1;0;0;0;2;9;5;4;1
0;55;0;0;0;0;3;3;2;15;1;3;2;2;1;1;1;0;0;0;2;9;5;4;1
0;55;0;0;0;0;3;3;2;15;1;3;2;2;1;1;1;0;0;0;2;9;5;4;1
0;208;0;0;0;153;3;3;2;15;1;3;2;2;1;1;1;0;0;0;2;9;5;4;1
0;208;0;0;0;153;3;3;2;15;1;3;2;2;1;1;1;0;0;0;2;9;5;4;1
0;208;0;0;0;153;3;3;2;15;1;3;2;2;1;1;1;0;0;0;2;9;5;4;1
0;208;0;0;0;153;3;3;2;15;1;3;2;2;1;1;1;0;0;0;2;9;5;4;1
0;208;0;0;0;153;3;3;2;15;1;3;2;2;1;1;1;0;0;0;2;9;5;4;1
0;208;0;0;0;153;3;3;2;15;1;3;2;2;1;1;1;0;0;0;2;9;5;4;1
0;208;0;0;0;153;3;3;2;15;1;3;2;2;1;1;1;0;0;0;2;9;5;4;1
0;208;0;0;0;153;3;3;2;15;1;3;2;2;1;1;1;0;0;0;2;9;5;4;1
0;208;0;0;0;153;3;3;2;15;1;3;2;2;1;1;1;0;0;0;2;9;5;4;1
0;208;0;0;0;153;3;3;2;15;1;3;2;2;1;1;1;0;0;0;2;9;5;4;1
0;208;0;0;0;153;3;3;2;15;1;3;2;2;1;1;1;0;0;0;2;9;5;4;1
0;208;0;0;0;153;3;3;2;15;1;3;2;2;1;1;1;0;0;0;2;9;5;4;1
0;208;0;0;0;153;3;3;2;15;1;3;2;2;1;1;1;0;0;0;2;9;5;4;1
0;208;0;0;0;153;3;3;2;15;1;3;2;2;1;1;1;0;0;0;2;9;5;4;1
0;208;0;0;0;153;3;3;2;15;1;3;2;2;1;1;1;0;0;0;2;9;5;4;1
0;208;0;0;0;153;3;3;2;15;1;3;2;2;1;1;1;0;0;0;2;9;5;4;1
0;208;0;0;0;153;3;3;2;15;1;3;2;2;1;1;1;0;0;0;2;9;5;4;1
0;208;0;0;0;153;3;3;2;15;1;3;2;2;1;1;1;0;0;0;2;9;5;4;1
0;208;0;0;0;153;3;3;2;15;1;3;2;2;1;1;1;0;0;0;2;9;5;4;1
0;208;0;0;0;153;3;3;2;15;1;3;2;2;1;1;1;0;0;0;2;9;5;4;1
0;55;0;0;0;0;3;3;2;15;1;3;2;2;1;1;1;0;0;0;2;9;5;4;1
0;55;0;0;0;0;3;3;2;15;1;3;2;2;1;1;1;0;0;0;2;9;5;4;1
0;55;0;0;0;0;3;3;2;15;1;3;2;2;1;1;1;0;0;0;2;9;5;4;1
0;55;0;0;0;0;3;3;2;15;1;3;2;2;1;1;1;0;0;0;2;9;5;4;1
0;55;0;0;0;0;3;3;2;15;1;3;2;2;1;1;1;0;0;0;2;9;5;4;1
0;55;0;0;0;0;3;3;2;15;1;3;2;2;1;1;1;0;0;0;2;9;5;4;1
0;55;0;0;0;0;3;3;2;15;1;3;2;2;1;1;1;0;0;0;2;9;5;4;1
0;55;0;0;0;0;3;3;2;15;1;3;2;2;1;1;1;0;0;0;2;9;5;4;1
0;55;0;0;0;0;3;3;2;15;1;3;2;2;1;1;1;0;0;0;2;9;5;4;1
0;55;0;0;0;0;3;3;2;15;1;3;2;2;1;1;1;0;0;0;2;9;5;4;1
0;55;0;0;0;0;3;3;2;15;1;3;2;2;1;1;1;0;0;0;2;9;5;4;1
0;55;0;0;0;0;3;3;2;15;1;3;2;2;1;1;1;0;0;0;2;9;5;4;1
0;55;0;0;0;0;3;3;2;15;1;3;2;2;1;1;1;0;0;0;2;9;5;4;1
0;55;0;0;0;0;3;3;2;15;1;3;2;2;1;1;1;0;0;0;2;9;5;4;1
0;55;0;0;0;0;3;3;2;15;1;3;2;2;1;1;1;0;0;0;2;9;5;4;1
0;55;0;0;0;0;3;3;2;15;1;3;2;2;1;1;1;0;0;0;2;9;5;4;1
0;55;0;0;0;0;3;3;2;15;1;3;2;2;1;1;1;0;0;0;2;9;5;4;1
0;55;0;0;0;0;3;3;2;15;1;3;2;2;1;1;1;0;0;0;2;9;5;4;1
0;55;0;0;0;0;3;3;2;15;1;3;2;2;1;1;1;0;0;0;2;9;5;4;1
0;55;0;0;0;0;3;3;2;15;1;3;2;2;1;1;1;0;0;0;2;9;5;4;1
0;55;0;0;0;0;3;3;2;15;1;3;2;2;1;1;1;0;0;0;2;9;5;4;1
0;55;0;0;0;0;3;3;2;15;1;3;2;2;1;1;1;0;0;0;2;9;5;4;1
0;55;0;0;0;0;3;3;2;15;1;3;2;2;1;1;1;0;0;0;2;9;5;4;1
0;55;0;0;0;0;3;3;2;15;1;3;2;2;1;1;1;0;0;0;2;9;5;4;1
0;55;0;0;0;0;3;3;2;15;1;3;2;2;1;1;1;0;0;0;2;9;5;4;1
0;55;0;0;0;0;3;3;2;15;1;3;2;2;1;1;1;0;0;0;2;9;5;4;1
0;55;0;0;0;0;3;3;2;15;1;3;2;2;1;1;1;0;0;0;2;9;5;4;1
0;55;0;0;0;0;3;3;2;15;1;3;2;2;1;1;1;0;0;0;2;9;5;4;1
0;240;0;185;0;0;3;3;2;15;1;3;2;2;1;1;1;0;0;0;2;9;5;4;1
0;240;0;185;0;0;3;3;2;15;1;3;2;2;1;1;1;0;0;0;2;9;5;4;1
0;240;0;185;0;0;3;3;2;15;1;3;2;2;1;1;1;0;0;0;2;9;5;4;1
0;240;0;185;0;0;3;3;2;15;1;3;2;2;1;1;1;0;0;0;2;9;5;4;1
0;240;0;185;0;0;3;3;2;15;1;3;2;2;1;1;1;0;0;0;2;9;5;4;1
0;240;0;185;0;0;3;3;2;15;1;3;2;2;1;1;1;0;0;0;2;9;5;4;1
0;240;0;185;0;0;3;3;2;15;1;3;2;2;1;1;1;0;0;0;2;9;5;4;1
0;240;0;185;0;0;3;3;2;15;1;3;2;2;1;1;1;0;0;0;2;9;5;4;1
0;240;0;185;0;0;3;3;2;15;1;3;2;2;1;1;1;0;0;0;2;9;5;4;1
0;240;0;185;0;0;3;3;2;15;1;3;2;2;1;1;1;0;0;0;2;9;5;4;1
0;240;0;185;0;0;3;3;2;15;1;3;2;2;1;1;1;0;0;0;2;9;5;4;1
0;240;0;185;0;0;3;3;2;15;1;3;2;2;1;1;1;0;0;0;2;9;5;4;1
0;240;0;185;0;0;3;3;2;15;1;3;2;2;1;1;1;0;0;0;2;9;5;4;1
0;240;0;185;0;0;3;3;2;15;1;3;2;2;1;1;1;0;0;0;2;9;5;4;1
0;240;0;185;0;0;3;3;2;15;1;3;2;2;1;1;1;0;0;0;2;9;5;4;1
0;240;0;185;0;0;3;3;2;15;1;3;2;2;1;1;1;0;0;0;2;9;5;4;1
0;240;0;185;0;0;3;3;2;15;1;3;2;2;1;1;1;0;0;0;2;9;5;4;1
0;240;0;185;0;0;3;3;2;15;1;3;2;2;1;1;1;0;0;0;2;9;5;4;1
0;240;0;185;0;0;3;3;2;15;1;3;2;2;1;1;1;0;0;0;2;9;5;4;1
0;240;0;185;0;0;3;3;2;15;1;3;2;2;1;1;1;0;0;0;2;9;5;4;1
0;240;0;185;0;0;3;3;2;15;1;3;2;2;1;1;1;0;0;0;2;9;5;4;1
0;240;0;185;0;0;3;3;2;15;1;3;2;2;1;1;1;0;0;0;2;9;5;4;1
0;55;0;0;0;0;3;3;2;15;1;3;2;2;1;1;1;0;0;0;2;9;5;4;1
0;55;0;0;0;0;3;3;2;15;1;3;2;2;1;1;1;0;0;0;2;9;5;4;1
0;55;0;0;0;0;3;3;2;15;1;3;2;2;1;1;1;0;0;0;2;9;5;4;1
0;169;0;0;114;0;3;3;2;15;1;3;2;2;1;1;1;0;0;0;2;9;5;4;1
0;169;0;0;114;0;3;3;2;15;1;3;2;2;1;1;1;0;0;0;2;9;5;4;1
0;169;0;0;114;0;3;3;2;15;1;3;2;2;1;1;1;0;0;0;2;9;5;4;1
0;169;0;0;114;0;3;3;2;15;1;3;2;2;1;1;1;0;0;0;2;9;5;4;1
0;169;0;0;114;0;3;3;2;15;1;3;2;2;1;1;1;0;0;0;2;9;5;4;1
0;169;0;0;114;0;3;3;2;15;1;3;2;2;1;1;1;0;0;0;2;9;5;4;1
0;169;0;0;114;0;3;3;2;15;1;3;2;2;1;1;1;0;0;0;2;9;5;4;1
0;169;0;0;114;0;3;3;2;15;1;3;2;2;1;1;1;0;0;0;2;9;5;4;1
0;169;0;0;114;0;3;3;2;15;1;3;2;2;1;1;1;0;0;0;2;9;5;4;1
0;169;0;0;114;0;3;3;2;15;1;3;2;2;1;1;1;0;0;0;2;9;5;4;1
0;169;0;0;114;0;3;3;2;15;1;3;2;2;1;1;1;0;0;0;2;9;5;4;1
0;169;0;0;114;0;3;3;2;15;1;3;2;2;1;1;1;0;0;0;2;9;5;4;1
0;169;0;0;114;0;3;3;2;15;1;3;2;2;1;1;1;0;0;0;2;9;5;4;1
0;169;0;0;114;0;3;3;2;15;1;3;2;2;1;1;1;0;0;0;2;9;5;4;1
0;169;0;0;114;0;3;3;2;15;1;3;2;2;1;1;1;0;0;0;2;9;5;4;1
0;169;0;0;114;0;3;3;2;15;1;3;2;2;1;1;1;0;0;0;2;9;5;4;1
0;169;0;0;114;0;3;3;2;15;1;3;2;2;1;1;1;0;0;0;2;9;5;4;1
0;169;0;0;114;0;3;3;2;15;1;3;2;2;1;1;1;0;0;0;2;9;5;4;1
0;55;0;0;0;0;3;3;2;15;1;3;2;2;1;1;1;0;0;0;2;9;5;4;1
0;55;0;0;0;0;3;3;2;15;1;3;2;2;1;1;1;0;0;0;2;9;5;4;1
0;55;0;0;0;0;3;3;2;15;1;3;2;2;1;1;1;0;0;0;2;9;5;4;1
0;55;0;0;0;0;3;3;2;15;1;3;2;2;1;1;1;0;0;0;2;9;5;4;1
0;55;0;0;0;0;3;3;2;15;1;3;2;2;1;1;1;0;0;0;2;9;5;4;1
0;55;0;0;0;0;3;3;2;15;1;3;2;2;1;1;1;0;0;0;2;9;5;4;1
0;55;0;0;0;0;3;3;2;15;1;3;2;2;1;1;1;0;0;0;2;9;5;4;1
0;55;0;0;0;0;3;3;2;15;1;3;2;2;1;1;1;0;0;0;2;9;5;4;1
0;55;0;0;0;0;3;3;2;15;1;3;2;2;1;1;1;0;0;0;2;9;5;4;1
0;55;0;0;0;0;3;3;2;15;1;3;2;2;1;1;1;0;0;0;2;9;5;4;1
0;55;0;0;0;0;3;3;2;15;1;3;2;2;1;1;1;0;0;0;2;9;5;4;1
0;55;0;0;0;0;3;3;2;15;1;3;2;2;1;1;1;0;0;0;2;9;5;4;1
0;55;0;0;0;0;3;3;2;15;1;3;2;2;1;1;1;0;0;0;2;9;5;4;1
0;55;0;0;0;0;3;3;2;15;1;3;2;2;1;1;1;0;0;0;2;9;5;4;1
0;55;0;0;0;0;3;3;2;15;1;3;2;2;1;1;1;0;0;0;2;9;5;4;1
0;55;0;0;0;0;3;3;2;15;1;3;2;2;1;1;1;0;0;0;2;9;5;4;1
0;55;0;0;0;0;3;3;2;15;1;3;2;2;1;1;1;0;0;0;2;9;5;4;1
0;55;0;0;0;0;3;3;2;15;1;3;2;2;1;1;1;0;0;0;2;9;5;4;1
0;55;0;0;0;0;3;3;2;15;1;3;2;2;1;1;1;0;0;0;2;9;5;4;1
0;55;0;0;0;0;3;3;2;15;1;3;2;2;1;1;1;0;0;0;2;9;5;4;1
0;55;0;0;0;0;3;3;2;15;1;3;2;2;1;1;1;0;0;0;2;9;5;4;1
0;55;0;0;0;0;3;3;2;15;1;3;2;2;1;1;1;0;0;0;2;9;5;4;1
0;55;0;0;0;0;3;3;2;15;1;3;2;2;1;1;1;0;0;0;2;9;5;4;1
0;55;0;0;0;0;3;3;2;15;1;3;2;2;1;1;1;0;0;0;2;9;5;4;1
0;55;0;0;0;0;3;3;2;15;1;3;2;2;1;1;1;0;0;0;2;9;5;4;1
0;55;0;0;0;0;3;3;2;15;1;3;2;2;1;1;1;0;0;0;2;9;5;4;1
0;240;0;185;0;0;3;3;2;15;1;3;2;2;1;1;1;0;0;0;2;9;5;4;1
0;240;0;185;0;0;3;3;2;15;1;3;2;2;1;1;1;0;0;0;2;9;5;4;1
0;240;0;185;0;0;3;3;2;15;1;3;2;2;1;1;1;0;0;0;2;9;5;4;1
0;240;0;185;0;0;3;3;2;15;1;3;2;2;1;1;1;0;0;0;2;9;5;4;1
0;240;0;185;0;0;3;3;2;15;1;3;2;2;1;1;1;0;0;0;2;9;5;4;1
0;240;0;185;0;0;3;3;2;15;1;3;2;2;1;1;1;0;0;0;2;9;5;4;1
0;240;0;185;0;0;3;3;2;15;1;3;2;2;1;1;1;0;0;0;2;9;5;4;1
0;240;0;185;0;0;3;3;2;15;1;3;2;2;1;1;1;0;0;0;2;9;5;4;1
0;240;0;185;0;0;3;3;2;15;1;3;2;2;1;1;1;0;0;0;2;9;5;4;1
0;240;0;185;0;0;3;3;2;15;1;3;2;2;1;1;1;0;0;0;2;9;5;4;1
0;240;0;185;0;0;3;3;2;15;1;3;2;2;1;1;1;0;0;0;2;9;5;4;1
0;240;0;185;0;0;3;3;2;15;1;3;2;2;1;1;1;0;0;0;2;9;5;4;1
0;240;0;185;0;0;3;3;2;15;1;3;2;2;1;1;1;0;0;0;2;9;5;4;1
0;240;0;185;0;0;3;3;2;15;1;3;2;2;1;1;1;0;0;0;2;9;5;4;1
0;240;0;185;0;0;3;3;2;15;1;3;2;2;1;1;1;0;0;0;2;9;5;4;1
0;240;0;185;0;0;3;3;2;15;1;3;2;2;1;1;1;0;0;0;2;9;5;4;1
0;240;0;185;0;0;3;3;2;15;1;3;2;2;1;1;1;0;0;0;2;9;5;4;1
0;240;0;185;0;0;3;3;2;15;1;3;2;2;1;1;1;0;0;0;2;9;5;4;1
0;240;0;185;0;0;3;3;2;15;1;3;2;2;1;1;1;0;0;0;2;9;5;4;1
1;386;0;185;0;0;3;3;2;15;1;3;2;2;1;1;1;0;0;0;2;9;151;4;1
1;386;0;185;0;0;3;3;2;15;1;3;2;2;1;1;1;0;0;0;2;9;151;4;1
1;386;0;185;0;0;3;3;2;15;1;3;2;2;1;1;1;0;0;0;2;9;151;4;1
1;261;60;0;0;0;3;3;2;15;1;3;2;2;1;1;1;0;0;0;2;9;151;4;1
1;301;100;0;0;0;3;3;2;15;1;3;2;2;1;1;1;0;0;0;2;9;151;4;1
1;321;120;0;0;0;3;3;2;15;1;3;2;2;1;1;1;0;0;0;2;9;151;4;1
1;321;120;0;0;0;3;3;2;15;1;3;2;2;1;1;1;0;0;0;2;9;151;4;1
1;321;120;0;0;0;3;3;2;15;1;3;2;2;1;1;1;0;0;0;2;9;151;4;1
1;361;160;0;0;0;3;3;2;15;1;3;2;2;1;1;1;0;0;0;2;9;151;4;1
1;361;160;0;0;0;3;3;2;15;1;3;2;2;1;1;1;0;0;0;2;9;151;4;1
2;461;260;0;0;0;3;3;2;15;1;3;2;2;1;1;1;0;0;0;2;9;151;4;1
2;1056;855;0;0;0;3;3;2;15;1;3;2;2;1;1;1;0;0;0;2;9;151;4;1
2;1116;915;0;0;0;3;3;2;15;1;3;2;2;1;1;1;0;0;0;2;9;151;4;1
2;1116;915;0;0;0;3;3;2;15;1;3;2;2;1;1;1;0;0;0;2;9;151;4;1
2;1116;915;0;0;0;3;3;2;15;1;3;2;2;1;1;1;0;0;0;2;9;151;4;1
2;1116;915;0;0;0;3;3;2;15;1;3;2;2;1;1;1;0;0;0;2;9;151;4;1
2;1156;955;0;0;0;3;3;2;15;1;3;2;2;1;1;1;0;0;0;2;9;151;4;1
2;1309;955;0;0;153;3;3;2;15;1;3;2;2;1;1;1;0;0;0;2;9;151;4;1
2;1309;955;0;0;153;3;3;2;15;1;3;2;2;1;1;1;0;0;0;2;9;151;4;1
2;1369;1015;0;0;153;3;3;2;15;1;3;2;2;1;1;1;0;0;0;2;9;151;4;1
2;1469;1115;0;0;153;3;3;2;15;1;3;2;2;1;1;1;0;0;0;2;9;151;4;1
2;1469;1115;0;0;153;3;3;2;15;1;3;2;2;1;1;1;0;0;0;2;9;151;4;1
2;1559;1205;0;0;153;3;3;2;15;1;3;2;2;1;1;1;0;0;0;2;9;151;4;1
2;1559;1205;0;0;153;3;3;2;15;1;3;2;2;1;1;1;0;0;0;2;9;151;4;1
2;1559;1205;0;0;153;3;3;2;15;1;3;2;2;1;1;1;0;0;0;2;9;151;4;1
2;1559;1205;0;0;153;3;3;2;15;1;3;2;2;1;1;1;0;0;0;2;9;151;4;1
2;1629;1275;0;0;153;3;3;2;15;1;3;2;2;1;1;1;0;0;0;2;9;151;4;1
2;1629;1275;0;0;153;3;3;2;15;1;3;2;2;1;1;1;0;0;0;2;9;151;4;1
2;1629;1275;0;0;153;3;3;2;15;1;3;2;2;1;1;1;0;0;0;2;9;151;4;1
2;1629;1275;0;0;153;3;3;2;15;1;3;2;2;1;1;1;0;0;0;2;9;151;4;1
2;1629;1275;0;0;153;3;3;2;15;1;3;2;2;1;1;1;0;0;0;2;9;151;4;1
2;1649;1295;0;0;153;3;3;2;15;1;3;2;2;1;1;1;0;0;0;2;9;151;4;1
2;1649;1295;0;0;153;3;3;2;15;1;3;2;2;1;1;1;0;0;0;2;9;151;4;1
2;1649;1295;0;0;153;3;3;2;15;1;3;2;2;1;1;1;0;0;0;2;9;151;4;1
2;1689;1335;0;0;153;3;3;2;15;1;3;2;2;1;1;1;0;0;0;2;9;151;4;1
2;1689;1335;0;0;153;3;3;2;15;1;3;2;2;1;1;1;0;0;0;2;9;151;4;1
2;1689;1335;0;0;153;3;3;2;15;1;3;2;2;1;1;1;0;0;0;2;9;151;4;1
2;1536;1335;0;0;0;3;3;2;15;1;3;2;2;1;1;1;0;0;0;2;9;151;4;1
2;1536;1335;0;0;0;3;3;2;15;1;3;2;2;1;1;1;0;0;0;2;9;151;4;1
2;1536;1335;0;0;0;3;3;2;15;1;3;2;2;1;1;1;0;0;0;2;9;151;4;1
2;1536;1335;0;0;0;3;3;2;15;1;3;2;2;1;1;1;0;0;0;2;9;151;4;1
2;1664;1335;0;114;0;3;3;2;15;1;3;2;2;1;1;1;0;0;0;16;9;151;4;1
2;1664;1335;0;114;0;3;3;2;15;1;3;2;2;1;1;1;0;0;0;16;9;151;4;1
2;1664;1335;0;114;0;3;3;2;15;1;3;2;2;1;1;1;0;0;0;16;9;151;4;1
2;1664;1335;0;114;0;3;3;2;15;1;3;2;2;1;1;1;0;0;0;16;9;151;4;1
2;1664;1335;0;114;0;3;3;2;15;1;3;2;2;1;1;1;0;0;0;16;9;151;4;1
2;1664;1335;0;114;0;3;3;2;15;1;3;2;2;1;1;1;0;0;0;16;9;151;4;1
2;1664;1335;0;114;0;3;3;2;15;1;3;2;2;1;1;1;0;0;0;16;9;151;4;1
2;1849;1335;185;114;0;3;3;2;15;1;3;2;2;1;1;1;0;0;0;16;9;151;4;1
2;4323;1335;185;114;0;3;3;2;15;2475;3;2;2;1;1;1;0;0;0;16;9;151;4;1
2;4323;1335;185;114;0;3;3;2;15;2475;3;2;2;1;1;1;0;0;0;16;9;151;4;1
2;4323;1335;185;114;0;3;3;2;15;2475;3;2;2;1;1;1;0;0;0;16;9;151;4;1
2;4323;1335;185;114;0;3;3;2;15;2475;3;2;2;1;1;1;0;0;0;16;9;151;4;1
2;4323;1335;185;114;0;3;3;2;15;2475;3;2;2;1;1;1;0;0;0;16;9;151;4;1
2;4323;1335;185;114;0;3;3;2;15;2475;3;2;2;1;1;1;0;0;0;16;9;151;4;1
2;4323;1335;185;114;0;3;3;2;15;2475;3;2;2;1;1;1;0;0;0;16;9;151;4;1
2;4323;1335;185;114;0;3;3;2;15;2475;3;2;2;1;1;1;0;0;0;16;9;151;4;1
2;4323;1335;185;114;0;3;3;2;15;2475;3;2;2;1;1;1;0;0;0;16;9;151;4;1
2;4323;1335;185;114;0;3;3;2;15;2475;3;2;2;1;1;1;0;0;0;16;9;151;4;1
2;4209;1335;185;0;0;3;3;2;15;2475;3;2;2;1;1;1;0;0;0;16;9;151;4;1
2;4249;1375;185;0;0;3;3;2;15;2475;3;2;2;1;1;1;0;0;0;16;9;151;4;1
2;4329;1455;185;0;0;3;3;2;15;2475;3;2;2;1;1;1;0;0;0;16;9;151;4;1
2;4329;1455;185;0;0;3;3;2;15;2475;3;2;2;1;1;1;0;0;0;16;9;151;4;1
2;4429;1555;185;0;0;3;3;2;15;2475;3;2;2;1;1;1;0;0;0;16;9;151;4;1
2;4489;1615;185;0;0;3;3;2;15;2475;3;2;2;1;1;1;0;0;0;16;9;151;4;1
2;2015;1615;185;0;0;3;3;2;15;1;3;2;2;1;1;1;0;0;0;16;9;151;4;1
2;2075;1675;185;0;0;3;3;2;15;1;3;2;2;1;1;1;0;0;0;16;9;151;4;1
2;2075;1675;185;0;0;3;3;2;15;1;3;2;2;1;1;1;0;0;0;16;9;151;4;1
2;2075;1675;185;0;0;3;3;2;15;1;3;2;2;1;1;1;0;0;0;16;9;151;4;1
2;2075;1675;185;0;0;3;3;2;15;1;3;2;2;1;1;1;0;0;0;16;9;151;4;1
2;1890;1675;0;0;0;3;3;2;15;1;3;2;2;1;1;1;0;0;0;16;9;151;4;1
2;1890;1675;0;0;0;3;3;2;15;1;3;2;2;1;1;1;0;0;0;16;9;151;4;1
2;1890;1675;0;0;0;3;3;2;15;1;3;2;2;1;1;1;0;0;0;16;9;151;4;1
2;1890;1675;0;0;0;3;3;2;15;1;3;2;2;1;1;1;0;0;0;16;9;151;4;1
2;1890;1675;0;0;0;3;3;2;15;1;3;2;2;1;1;1;0;0;0;16;9;151;4;1
2;1890;1675;0;0;0;3;3;2;15;1;3;2;2;1;1;1;0;0;0;16;9;151;4;1
2;1890;1675;0;0;0;3;3;2;15;1;3;2;2;1;1;1;0;0;0;16;9;151;4;1
2;1890;1675;0;0;0;3;3;2;15;1;3;2;2;1;1;1;0;0;0;16;9;151;4;1
2;1890;1675;0;0;0;3;3;2;15;1;3;2;2;1;1;1;0;0;0;16;9;151;4;1
2;1890;1675;0;0;0;3;3;2;15;1;3;2;2;1;1;1;0;0;0;16;9;151;4;1
1;1890;1675;0;0;0;3;3;2;15;1;3;2;2;1;1;1;0;0;0;16;9;151;4;1
1;1890;1675;0;0;0;3;3;2;15;1;3;2;2;1;1;1;0;0;0;16;9;151;4;1
1;1890;1675;0;0;0;3;3;2;15;1;3;2;2;1;1;1;0;0;0;16;9;151;4;1
1;1890;1675;0;0;0;3;3;2;15;1;3;2;2;1;1;1;0;0;0;16;9;151;4;1
1;1890;1675;0;0;0;3;3;2;15;1;3;2;2;1;1;1;0;0;0;16;9;151;4;1
1;1890;1675;0;0;0;3;3;2;15;1;3;2;2;1;1;1;0;0;0;16;9;151;4;1
1;1950;1735;0;0;0;3;3;2;15;1;3;2;2;1;1;1;0;0;0;16;9;151;4;1
1;1950;1735;0;0;0;3;3;2;15;1;3;2;2;1;1;1;0;0;0;16;9;151;4;1
1;1950;1735;0;0;0;3;3;2;15;1;3;2;2;1;1;1;0;0;0;16;9;151;4;1
1;1950;1735;0;0;0;3;3;2;15;1;3;2;2;1;1;1;0;0;0;16;9;151;4;1
1;1950;1735;0;0;0;3;3;2;15;1;3;2;2;1;1;1;0;0;0;16;9;151;4;1
1;1950;1735;0;0;0;3;3;2;15;1;3;2;2;1;1;1;0;0;0;16;9;151;4;1
1;2010;1795;0;0;0;3;3;2;15;1;3;2;2;1;1;1;0;0;0;16;9;151;4;1
1;2010;1795;0;0;0;3;3;2;15;1;3;2;2;1;1;1;0;0;0;16;9;151;4;1
1;2010;1795;0;0;0;3;3;2;15;1;3;2;2;1;1;1;0;0;0;16;9;151;4;1
1;2010;1795;0;0;0;3;3;2;15;1;3;2;2;1;1;1;0;0;0;16;9;151;4;1
1;2045;1830;0;0;0;3;3;2;15;1;3;2;2;1;1;1;0;0;0;16;9;151;4;1
1;2045;1830;0;0;0;3;3;2;15;1;3;2;2;1;1;1;0;0;0;16;9;151;4;1
1;2045;1830;0;0;0;3;3;2;15;1;3;2;2;1;1;1;0;0;0;16;9;151;4;1
1;2045;1830;0;0;0;3;3;2;15;1;3;2;2;1;1;1;0;0;0;16;9;151;4;1
0;55;0;0;0;0;3;3;2;15;1;3;2;2;1;1;1;0;0;0;2;9;5;4;1
0;55;0;0;0;0;3;3;2;15;1;3;2;2;1;1;1;0;0;0;2;9;5;4;1
0;55;0;0;0;0;3;3;2;15;1;3;2;2;1;1;1;0;0;0;2;9;5;4;1
0;55;0;0;0;0;3;3;2;15;1;3;2;2;1;1;1;0;0;0;2;9;5;4;1
0;55;0;0;0;0;3;3;2;15;1;3;2;2;1;1;1;0;0;0;2;9;5;4;1
0;169;0;0;114;0;3;3;2;15;1;3;2;2;1;1;1;0;0;0;2;9;5;4;1
0;169;0;0;114;0;3;3;2;15;1;3;2;2;1;1;1;0;0;0;2;9;5;4;1
0;169;0;0;114;0;3;3;2;15;1;3;2;2;1;1;1;0;0;0;2;9;5;4;1
0;169;0;0;114;0;3;3;2;15;1;3;2;2;1;1;1;0;0;0;2;9;5;4;1
0;169;0;0;114;0;3;3;2;15;1;3;2;2;1;1;1;0;0;0;2;9;5;4;1
0;169;0;0;114;0;3;3;2;15;1;3;2;2;1;1;1;0;0;0;2;9;5;4;1
0;169;0;0;114;0;3;3;2;15;1;3;2;2;1;1;1;0;0;0;2;9;5;4;1
0;169;0;0;114;0;3;3;2;15;1;3;2;2;1;1;1;0;0;0;2;9;5;4;1
0;169;0;0;114;0;3;3;2;15;1;3;2;2;1;1;1;0;0;0;2;9;5;4;1
0;169;0;0;114;0;3;3;2;15;1;3;2;2;1;1;1;0;0;0;2;9;5;4;1
0;169;0;0;114;0;3;3;2;15;1;3;2;2;1;1;1;0;0;0;2;9;5;4;1
0;169;0;0;114;0;3;3;2;15;1;3;2;2;1;1;1;0;0;0;2;9;5;4;1
0;169;0;0;114;0;3;3;2;15;1;3;2;2;1;1;1;0;0;0;2;9;5;4;1
0;169;0;0;114;0;3;3;2;15;1;3;2;2;1;1;1;0;0;0;2;9;5;4;1
0;169;0;0;114;0;3;3;2;15;1;3;2;2;1;1;1;0;0;0;2;9;5;4;1
0;169;0;0;114;0;3;3;2;15;1;3;2;2;1;1;1;0;0;0;2;9;5;4;1
0;169;0;0;114;0;3;3;2;15;1;3;2;2;1;1;1;0;0;0;2;9;5;4;1
0;169;0;0;114;0;3;3;2;15;1;3;2;2;1;1;1;0;0;0;2;9;5;4;1
0;55;0;0;0;0;3;3;2;15;1;3;2;2;1;1;1;0;0;0;2;9;5;4;1
0;55;0;0;0;0;3;3;2;15;1;3;2;2;1;1;1;0;0;0;2;9;5;4;1
0;55;0;0;0;0;3;3;2;15;1;3;2;2;1;1;1;0;0;0;2;9;5;4;1
0;55;0;0;0;0;3;3;2;15;1;3;2;2;1;1;1;0;0;0;2;9;5;4;1
0;55;0;0;0;0;3;3;2;15;1;3;2;2;1;1;1;0;0;0;2;9;5;4;1
0;55;0;0;0;0;3;3;2;15;1;3;2;2;1;1;1;0;0;0;2;9;5;4;1
0;55;0;0;0;0;3;3;2;15;1;3;2;2;1;1;1;0;0;0;2;9;5;4;1
0;55;0;0;0;0;3;3;2;15;1;3;2;2;1;1;1;0;0;0;2;9;5;4;1
0;55;0;0;0;0;3;3;2;15;1;3;2;2;1;1;1;0;0;0;2;9;5;4;1
0;55;0;0;0;0;3;3;2;15;1;3;2;2;1;1;1;0;0;0;2;9;5;4;1
0;208;0;0;0;153;3;3;2;15;1;3;2;2;1;1;1;0;0;0;2;9;5;4;1
0;208;0;0;0;153;3;3;2;15;1;3;2;2;1;1;1;0;0;0;2;9;5;4;1
0;208;0;0;0;153;3;3;2;15;1;3;2;2;1;1;1;0;0;0;2;9;5;4;1
0;208;0;0;0;153;3;3;2;15;1;3;2;2;1;1;1;0;0;0;2;9;5;4;1
0;208;0;0;0;153;3;3;2;15;1;3;2;2;1;1;1;0;0;0;2;9;5;4;1
0;393;0;185;0;153;3;3;2;15;1;3;2;2;1;1;1;0;0;0;2;9;5;4;1
0;393;0;185;0;153;3;3;2;15;1;3;2;2;1;1;1;0;0;0;2;9;5;4;1
0;393;0;185;0;153;3;3;2;15;1;3;2;2;1;1;1;0;0;0;2;9;5;4;1
0;393;0;185;0;153;3;3;2;15;1;3;2;2;1;1;1;0;0;0;2;9;5;4;1
0;393;0;185;0;153;3;3;2;15;1;3;2;2;1;1;1;0;0;0;2;9;5;4;1
0;393;0;185;0;153;3;3;2;15;1;3;2;2;1;1;1;0;0;0;2;9;5;4;1
0;393;0;185;0;153;3;3;2;15;1;3;2;2;1;1;1;0;0;0;2;9;5;4;1
0;393;0;185;0;153;3;3;2;15;1;3;2;2;1;1;1;0;0;0;2;9;5;4;1
0;393;0;185;0;153;3;3;2;15;1;3;2;2;1;1;1;0;0;0;2;9;5;4;1
0;393;0;185;0;153;3;3;2;15;1;3;2;2;1;1;1;0;0;0;2;9;5;4;1
0;393;0;185;0;153;3;3;2;15;1;3;2;2;1;1;1;0;0;0;2;9;5;4;1
0;393;0;185;0;153;3;3;2;15;1;3;2;2;1;1;1;0;0;0;2;9;5;4;1
0;393;0;185;0;153;3;3;2;15;1;3;2;2;1;1;1;0;0;0;2;9;5;4;1
0;393;0;185;0;153;3;3;2;15;1;3;2;2;1;1;1;0;0;0;2;9;5;4;1
0;393;0;185;0;153;3;3;2;15;1;3;2;2;1;1;1;0;0;0;2;9;5;4;1
0;240;0;185;0;0;3;3;2;15;1;3;2;2;1;1;1;0;0;0;2;9;5;4;1
0;240;0;185;0;0;3;3;2;15;1;3;2;2;1;1;1;0;0;0;2;9;5;4;1
0;240;0;185;0;0;3;3;2;15;1;3;2;2;1;1;1;0;0;0;2;9;5;4;1
0;240;0;185;0;0;3;3;2;15;1;3;2;2;1;1;1;0;0;0;2;9;5;4;1
0;240;0;185;0;0;3;3;2;15;1;3;2;2;1;1;1;0;0;0;2;9;5;4;1
0;240;0;185;0;0;3;3;2;15;1;3;2;2;1;1;1;0;0;0;2;9;5;4;1
0;240;0;185;0;0;3;3;2;15;1;3;2;2;1;1;1;0;0;0;2;9;5;4;1
0;55;0;0;0;0;3;3;2;15;1;3;2;2;1;1;1;0;0;0;2;9;5;4;1
0;55;0;0;0;0;3;3;2;15;1;3;2;2;1;1;1;0;0;0;2;9;5;4;1
0;55;0;0;0;0;3;3;2;15;1;3;2;2;1;1;1;0;0;0;2;9;5;4;1
0;55;0;0;0;0;3;3;2;15;1;3;2;2;1;1;1;0;0;0;2;9;5;4;1
0;55;0;0;0;0;3;3;2;15;1;3;2;2;1;1;1;0;0;0;2;9;5;4;1
0;55;0;0;0;0;3;3;2;15;1;3;2;2;1;1;1;0;0;0;2;9;5;4;1
0;55;0;0;0;0;3;3;2;15;1;3;2;2;1;1;1;0;0;0;2;9;5;4;1
0;55;0;0;0;0;3;3;2;15;1;3;2;2;1;1;1;0;0;0;2;9;5;4;1
0;55;0;0;0;0;3;3;2;15;1;3;2;2;1;1;1;0;0;0;2;9;5;4;1
0;55;0;0;0;0;3;3;2;15;1;3;2;2;1;1;1;0;0;0;2;9;5;4;1
0;55;0;0;0;0;3;3;2;15;1;3;2;2;1;1;1;0;0;0;2;9;5;4;1
0;55;0;0;0;0;3;3;2;15;1;3;2;2;1;1;1;0;0;0;2;9;5;4;1
0;55;0;0;0;0;3;3;2;15;1;3;2;2;1;1;1;0;0;0;2;9;5;4;1
0;55;0;0;0;0;3;3;2;15;1;3;2;2;1;1;1;0;0;0;2;9;5;4;1
0;55;0;0;0;0;3;3;2;15;1;3;2;2;1;1;1;0;0;0;2;9;5;4;1
0;55;0;0;0;0;3;3;2;15;1;3;2;2;1;1;1;0;0;0;2;9;5;4;1
0;55;0;0;0;0;3;3;2;15;1;3;2;2;1;1;1;0;0;0;2;9;5;4;1
0;55;0;0;0;0;3;3;2;15;1;3;2;2;1;1;1;0;0;0;2;9;5;4;1
0;55;0;0;0;0;3;3;2;15;1;3;2;2;1;1;1;0;0;0;2;9;5;4;1
0;55;0;0;0;0;3;3;2;15;1;3;2;2;1;1;1;0;0;0;2;9;5;4;1
0;55;0;0;0;0;3;3;2;15;1;3;2;2;1;1;1;0;0;0;2;9;5;4;1
0;55;0;0;0;0;3;3;2;15;1;3;2;2;1;1;1;0;0;0;2;9;5;4;1
0;55;0;0;0;0;3;3;2;15;1;3;2;2;1;1;1;0;0;0;2;9;5;4;1
0;55;0;0;0;0;3;3;2;15;1;3;2;2;1;1;1;0;0;0;2;9;5;4;1
0;55;0;0;0;0;3;3;2;15;1;3;2;2;1;1;1;0;0;0;2;9;5;4;1
0;55;0;0;0;0;3;3;2;15;1;3;2;2;1;1;1;0;0;0;2;9;5;4;1
0;55;0;0;0;0;3;3;2;15;1;3;2;2;1;1;1;0;0;0;2;9;5;4;1
0;55;0;0;0;0;3;3;2;15;1;3;2;2;1;1;1;0;0;0;2;9;5;4;1
0;55;0;0;0;0;3;3;2;15;1;3;2;2;1;1;1;0;0;0;2;9;5;4;1
0;55;0;0;0;0;3;3;2;15;1;3;2;2;1;1;1;0;0;0;2;9;5;4;1
0;55;0;0;0;0;3;3;2;15;1;3;2;2;1;1;1;0;0;0;2;9;5;4;1
0;55;0;0;0;0;3;3;2;15;1;3;2;2;1;1;1;0;0;0;2;9;5;4;1
0;55;0;0;0;0;3;3;2;15;1;3;2;2;1;1;1;0;0;0;2;9;5;4;1
0;55;0;0;0;0;3;3;2;15;1;3;2;2;1;1;1;0;0;0;2;9;5;4;1
0;55;0;0;0;0;3;3;2;15;1;3;2;2;1;1;1;0;0;0;2;9;5;4;1
0;55;0;0;0;0;3;3;2;15;1;3;2;2;1;1;1;0;0;0;2;9;5;4;1
0;55;0;0;0;0;3;3;2;15;1;3;2;2;1;1;1;0;0;0;2;9;5;4;1
0;208;0;0;0;153;3;3;2;15;1;3;2;2;1;1;1;0;0;0;2;9;5;4;1
0;208;0;0;0;153;3;3;2;15;1;3;2;2;1;1;1;0;0;0;2;9;5;4;1
0;208;0;0;0;153;3;3;2;15;1;3;2;2;1;1;1;0;0;0;2;9;5;4;1
0;208;0;0;0;153;3;3;2;15;1;3;2;2;1;1;1;0;0;0;2;9;5;4;1
0;208;0;0;0;153;3;3;2;15;1;3;2;2;1;1;1;0;0;0;2;9;5;4;1
0;208;0;0;0;153;3;3;2;15;1;3;2;2;1;1;1;0;0;0;2;9;5;4;1
0;208;0;0;0;153;3;3;2;15;1;3;2;2;1;1;1;0;0;0;2;9;5;4;1
0;208;0;0;0;153;3;3;2;15;1;3;2;2;1;1;1;0;0;0;2;9;5;4;1
0;208;0;0;0;153;3;3;2;15;1;3;2;2;1;1;1;0;0;0;2;9;5;4;1
0;208;0;0;0;153;3;3;2;15;1;3;2;2;1;1;1;0;0;0;2;9;5;4;1
0;208;0;0;0;153;3;3;2;15;1;3;2;2;1;1;1;0;0;0;2;9;5;4;1
0;208;0;0;0;153;3;3;2;15;1;3;2;2;1;1;1;0;0;0;2;9;5;4;1
0;208;0;0;0;153;3;3;2;15;1;3;2;2;1;1;1;0;0;0;2;9;5;4;1
1;403;35;0;0;153;3;3;2;15;1;3;2;2;1;1;1;0;0;0;16;9;151;4;1
1;574;35;185;0;153;3;3;2;15;1;3;2;2;1;1;1;0;0;0;2;9;151;4;1
1;686;147;185;0;153;3;3;2;15;1;3;2;2;1;1;1;0;0;0;2;9;151;4;1
1;746;207;185;0;153;3;3;2;15;1;3;2;2;1;1;1;0;0;0;2;9;151;4;1
1;746;207;185;0;153;3;3;2;15;1;3;2;2;1;1;1;0;0;0;2;9;151;4;1
1;781;242;185;0;153;3;3;2;15;1;3;2;2;1;1;1;0;0;0;2;9;151;4;1
1;781;242;185;0;153;3;3;2;15;1;3;2;2;1;1;1;0;0;0;2;9;151;4;1
1;1640;282;185;0;0;3;3;2;15;1;3;2;2;1;1;1;0;972;0;2;9;151;4;1
1;1640;282;185;0;0;3;3;2;15;1;3;2;2;1;1;1;0;972;0;2;9;151;4;1
1;1640;282;185;0;0;3;3;2;15;1;3;2;2;1;1;1;0;972;0;2;9;151;4;1
1;1640;282;185;0;0;3;3;2;15;1;3;2;2;1;1;1;0;972;0;2;9;151;4;1
1;1754;282;185;114;0;3;3;2;15;1;3;2;2;1;1;1;0;972;0;2;9;151;4;1
1;1814;342;185;114;0;3;3;2;15;1;3;2;2;1;1;1;0;972;0;2;9;151;4;1
1;1874;402;185;114;0;3;3;2;15;1;3;2;2;1;1;1;0;972;0;2;9;151;4;1
1;1874;402;185;114;0;3;3;2;15;1;3;2;2;1;1;1;0;972;0;2;9;151;4;1
1;1874;402;185;114;0;3;3;2;15;1;3;2;2;1;1;1;0;972;0;2;9;151;4;1
1;1874;402;185;114;0;3;3;2;15;1;3;2;2;1;1;1;0;972;0;2;9;151;4;1
1;1874;402;185;114;0;3;3;2;15;1;3;2;2;1;1;1;0;972;0;2;9;151;4;1
1;1874;402;185;114;0;3;3;2;15;1;3;2;2;1;1;1;0;972;0;2;9;151;4;1
1;1874;402;185;114;0;3;3;2;15;1;3;2;2;1;1;1;0;972;0;2;9;151;4;1
1;1874;402;185;114;0;3;3;2;15;1;3;2;2;1;1;1;0;972;0;2;9;151;4;1
1;2034;562;185;114;0;3;3;2;15;1;3;2;2;1;1;1;0;972;0;2;9;151;4;1
1;2034;562;185;114;0;3;3;2;15;1;3;2;2;1;1;1;0;972;0;2;9;151;4;1
1;1849;562;0;114;0;3;3;2;15;1;3;2;2;1;1;1;0;972;0;2;9;151;4;1
1;1889;602;0;114;0;3;3;2;15;1;3;2;2;1;1;1;0;972;0;2;9;151;4;1
1;2002;602;0;114;0;3;116;2;15;1;3;2;2;1;1;1;0;972;0;2;9;151;4;1
1;2062;662;0;114;0;3;116;2;15;1;3;2;2;1;1;1;0;972;0;2;9;151;4;1
1;2062;662;0;114;0;3;116;2;15;1;3;2;2;1;1;1;0;972;0;2;9;151;4;1
1;2062;662;0;114;0;3;116;2;15;1;3;2;2;1;1;1;0;972;0;2;9;151;4;1
1;1948;662;0;0;0;3;116;2;15;1;3;2;2;1;1;1;0;972;0;2;9;151;4;1
1;1948;662;0;0;0;3;116;2;15;1;3;2;2;1;1;1;0;972;0;2;9;151;4;1
1;1948;662;0;0;0;3;116;2;15;1;3;2;2;1;1;1;0;972;0;2;9;151;4;1
1;1948;662;0;0;0;3;116;2;15;1;3;2;2;1;1;1;0;972;0;2;9;151;4;1
1;1948;662;0;0;0;3;116;2;15;1;3;2;2;1;1;1;0;972;0;2;9;151;4;1
1;1948;662;0;0;0;3;116;2;15;1;3;2;2;1;1;1;0;972;0;2;9;151;4;1
1;1948;662;0;0;0;3;116;2;15;1;3;2;2;1;1;1;0;972;0;2;9;151;4;1
1;1948;662;0;0;0;3;116;2;15;1;3;2;2;1;1;1;0;972;0;2;9;151;4;1
1;976;662;0;0;0;3;116;2;15;1;3;2;2;1;1;1;0;0;0;2;9;151;4;1
1;976;662;0;0;0;3;116;2;15;1;3;2;2;1;1;1;0;0;0;2;9;151;4;1
1;976;662;0;0;0;3;116;2;15;1;3;2;2;1;1;1;0;0;0;2;9;151;4;1
1;976;662;0;0;0;3;116;2;15;1;3;2;2;1;1;1;0;0;0;2;9;151;4;1
1;976;662;0;0;0;3;116;2;15;1;3;2;2;1;1;1;0;0;0;2;9;151;4;1
1;976;662;0;0;0;3;116;2;15;1;3;2;2;1;1;1;0;0;0;2;9;151;4;1
1;976;662;0;0;0;3;116;2;15;1;3;2;2;1;1;1;0;0;0;2;9;151;4;1
1;976;662;0;0;0;3;116;2;15;1;3;2;2;1;1;1;0;0;0;2;9;151;4;1
1;976;662;0;0;0;3;116;2;15;1;3;2;2;1;1;1;0;0;0;2;9;151;4;1
1;976;662;0;0;0;3;116;2;15;1;3;2;2;1;1;1;0;0;0;2;9;151;4;1
1;976;662;0;0;0;3;116;2;15;1;3;2;2;1;1;1;0;0;0;2;9;151;4;1
1;976;662;0;0;0;3;116;2;15;1;3;2;2;1;1;1;0;0;0;2;9;151;4;1
1;976;662;0;0;0;3;116;2;15;1;3;2;2;1;1;1;0;0;0;2;9;151;4;1
1;1016;702;0;0;0;3;116;2;15;1;3;2;2;1;1;1;0;0;0;2;9;151;4;1
1;1016;702;0;0;0;3;116;2;15;1;3;2;2;1;1;1;0;0;0;2;9;151;4;1
1;1016;702;0;0;0;3;116;2;15;1;3;2;2;1;1;1;0;0;0;2;9;151;4;1
1;1016;702;0;0;0;3;116;2;15;1;3;2;2;1;1;1;0;0;0;2;9;151;4;1
1;1016;702;0;0;0;3;116;2;15;1;3;2;2;1;1;1;0;0;0;2;9;151;4;1
1;1201;702;0;0;153;3;116;34;15;1;3;2;2;1;1;1;0;0;0;2;9;151;4;1
1;1201;702;0;0;153;3;116;34;15;1;3;2;2;1;1;1;0;0;0;2;9;151;4;1
1;1201;702;0;0;153;3;116;34;15;1;3;2;2;1;1;1;0;0;0;2;9;151;4;1
1;1201;702;0;0;153;3;116;34;15;1;3;2;2;1;1;1;0;0;0;2;9;151;4;1
1;1361;862;0;0;153;3;116;34;15;1;3;2;2;1;1;1;0;0;0;2;9;151;4;1
1;1361;862;0;0;153;3;116;34;15;1;3;2;2;1;1;1;0;0;0;2;9;151;4;1
1;1361;862;0;0;153;3;116;34;15;1;3;2;2;1;1;1;0;0;0;2;9;151;4;1
1;1361;862;0;0;153;3;116;34;15;1;3;2;2;1;1;1;0;0;0;2;9;151;4;1
1;1361;862;0;0;153;3;116;34;15;1;3;2;2;1;1;1;0;0;0;2;9;151;4;1
1;1512;922;0;0;153;3;116;34;15;1;3;2;2;1;1;1;0;0;0;2;100;151;4;1
1;1512;922;0;0;153;3;116;34;15;1;3;2;2;1;1;1;0;0;0;2;100;151;4;1
1;1512;922;0;0;153;3;116;34;15;1;3;2;2;1;1;1;0;0;0;2;100;151;4;1
1;1512;922;0;0;153;3;116;34;15;1;3;2;2;1;1;1;0;0;0;2;100;151;4;1
1;1512;922;0;0;153;3;116;34;15;1;3;2;2;1;1;1;0;0;0;2;100;151;4;1
1;1512;922;0;0;153;3;116;34;15;1;3;2;2;1;1;1;0;0;0;2;100;151;4;1
1;1512;922;0;0;153;3;116;34;15;1;3;2;2;1;1;1;0;0;0;2;100;151;4;1
1;1532;942;0;0;153;3;116;34;15;1;3;2;2;1;1;1;0;0;0;2;100;151;4;1
1;1532;942;0;0;153;3;116;34;15;1;3;2;2;1;1;1;0;0;0;2;100;151;4;1
1;1532;942;0;0;153;3;116;34;15;1;3;2;2;1;1;1;0;0;0;2;100;151;4;1
1;1532;942;0;0;153;3;116;34;15;1;3;2;2;1;1;1;0;0;0;2;100;151;4;1
1;1379;942;0;0;0;3;116;34;15;1;3;2;2;1;1;1;0;0;0;2;100;151;4;1
1;1379;942;0;0;0;3;116;34;15;1;3;2;2;1;1;1;0;0;0;2;100;151;4;1
1;1439;1002;0;0;0;3;116;34;15;1;3;2;2;1;1;1;0;0;0;2;100;151;4;1
1;1599;1162;0;0;0;3;116;34;15;1;3;2;2;1;1;1;0;0;0;2;100;151;4;1
1;1599;1162;0;0;0;3;116;34;15;1;3;2;2;1;1;1;0;0;0;2;100;151;4;1
1;2099;1662;0;0;0;3;116;34;15;1;3;2;2;1;1;1;0;0;0;2;100;151;4;1
1;2099;1662;0;0;0;3;116;34;15;1;3;2;2;1;1;1;0;0;0;2;100;151;4;1
1;2139;1702;0;0;0;3;116;34;15;1;3;2;2;1;1;1;0;0;0;2;100;151;4;1
1;2139;1702;0;0;0;3;116;34;15;1;3;2;2;1;1;1;0;0;0;2;100;151;4;1
1;2139;1702;0;0;0;3;116;34;15;1;3;2;2;1;1;1;0;0;0;2;100;151;4;1
1;2239;1802;0;0;0;3;116;34;15;1;3;2;2;1;1;1;0;0;0;2;100;151;4;1
1;2259;1822;0;0;0;3;116;34;15;1;3;2;2;1;1;1;0;0;0;2;100;151;4;1
1;2259;1822;0;0;0;3;116;34;15;1;3;2;2;1;1;1;0;0;0;2;100;151;4;1
1;2259;1822;0;0;0;3;116;34;15;1;3;2;2;1;1;1;0;0;0;2;100;151;4;1
1;2259;1822;0;0;0;3;116;34;15;1;3;2;2;1;1;1;0;0;0;2;100;151;4;1
1;2259;1822;0;0;0;3;116;34;15;1;3;2;2;1;1;1;0;0;0;2;100;151;4;1
1;2259;1822;0;0;0;3;116;34;15;1;3;2;2;1;1;1;0;0;0;2;100;151;4;1
1;2259;1822;0;0;0;3;116;34;15;1;3;2;2;1;1;1;0;0;0;2;100;151;4;1
1;2259;1822;0;0;0;3;116;34;15;1;3;2;2;1;1;1;0;0;0;2;100;151;4;1
1;2259;1822;0;0;0;3;116;34;15;1;3;2;2;1;1;1;0;0;0;2;100;151;4;1
1;2259;1822;0;0;0;3;116;34;15;1;3;2;2;1;1;1;0;0;0;2;100;151;4;1
1;2259;1822;0;0;0;3;116;34;15;1;3;2;2;1;1;1;0;0;0;2;100;151;4;1
1;2359;1922;0;0;0;3;116;34;15;1;3;2;2;1;1;1;0;0;0;2;100;151;4;1
1;2399;1962;0;0;0;3;116;34;15;1;3;2;2;1;1;1;0;0;0;2;100;151;4;1
1;2410;1962;0;0;0;3;116;34;26;1;3;2;2;1;1;1;0;0;0;2;100;151;4;1
1;2410;1962;0;0;0;3;116;34;26;1;3;2;2;1;1;1;0;0;0;2;100;151;4;1
1;2595;1962;185;0;0;3;116;34;26;1;3;2;2;1;1;1;0;0;0;2;100;151;4;1
1;2595;1962;185;0;0;3;116;34;26;1;3;2;2;1;1;1;0;0;0;2;100;151;4;1
1;2595;1962;185;0;0;3;116;34;26;1;3;2;2;1;1;1;0;0;0;2;100;151;4;1
1;2595;1962;185;0;0;3;116;34;26;1;3;2;2;1;1;1;0;0;0;2;100;151;4;1
1;2719;1962;185;0;0;127;116;34;26;1;3;2;2;1;1;1;0;0;0;2;100;151;4;1
1;2719;1962;185;0;0;127;116;34;26;1;3;2;2;1;1;1;0;0;0;2;100;151;4;1
1;2719;1962;185;0;0;127;116;34;26;1;3;2;2;1;1;1;0;0;0;2;100;151;4;1
1;5069;1962;185;0;0;3;116;34;26;2475;3;2;2;1;1;1;0;0;0;2;100;151;4;1
1;5169;2062;185;0;0;3;116;34;26;2475;3;2;2;1;1;1;0;0;0;2;100;151;4;1
1;5169;2062;185;0;0;3;116;34;26;2475;3;2;2;1;1;1;0;0;0;2;100;151;4;1
1;5169;2062;185;0;0;3;116;34;26;2475;3;2;2;1;1;1;0;0;0;2;100;151;4;1
1;5169;2062;185;0;0;3;116;34;26;2475;3;2;2;1;1;1;0;0;0;2;100;151;4;1
1;5283;2062;185;114;0;3;116;34;26;2475;3;2;2;1;1;1;0;0;0;2;100;151;4;1
1;5283;2062;185;114;0;3;116;34;26;2475;3;2;2;1;1;1;0;0;0;2;100;151;4;1
1;5283;2062;185;114;0;3;116;34;26;2475;3;2;2;1;1;1;0;0;0;2;100;151;4;1
1;5283;2062;185;114;0;3;116;34;26;2475;3;2;2;1;1;1;0;0;0;2;100;151;4;1
1;5283;2062;185;114;0;3;116;34;26;2475;3;2;2;1;1;1;0;0;0;2;100;151;4;1
1;5283;2062;185;114;0;3;116;34;26;2475;3;2;2;1;1;1;0;0;0;2;100;151;4;1
1;5323;2102;185;114;0;3;116;34;26;2475;3;2;2;1;1;1;0;0;0;2;100;151;4;1
1;5323;2102;185;114;0;3;116;34;26;2475;3;2;2;1;1;1;0;0;0;2;100;151;4;1
1;5323;2102;185;114;0;3;116;34;26;2475;3;2;2;1;1;1;0;0;0;2;100;151;4;1
1;5323;2102;185;114;0;3;116;34;26;2475;3;2;2;1;1;1;0;0;0;2;100;151;4;1
1;5138;2102;0;114;0;3;116;34;26;2475;3;2;2;1;1;1;0;0;0;2;100;151;4;1
1;3607;2102;0;114;0;3;116;34;26;1;3;2;1036;1;1;1;0;0;0;2;9;151;4;1
1;3607;2102;0;114;0;3;116;34;26;1;3;2;1036;1;1;1;0;0;0;2;9;151;4;1
1;3607;2102;0;114;0;3;116;34;26;1;3;2;1036;1;1;1;0;0;0;2;9;151;4;1
1;2573;2102;0;114;0;3;116;34;26;1;3;2;2;1;1;1;0;0;0;2;9;151;4;1
1;2541;2102;0;114;0;3;116;2;26;1;3;2;2;1;1;1;0;0;0;2;9;151;4;1
1;2541;2102;0;114;0;3;116;2;26;1;3;2;2;1;1;1;0;0;0;2;9;151;4;1
1;2541;2102;0;114;0;3;116;2;26;1;3;2;2;1;1;1;0;0;0;2;9;151;4;1
1;2427;2102;0;0;0;3;116;2;26;1;3;2;2;1;1;1;0;0;0;2;9;151;4;1
1;2427;2102;0;0;0;3;116;2;26;1;3;2;2;1;1;1;0;0;0;2;9;151;4;1
1;2427;2102;0;0;0;3;116;2;26;1;3;2;2;1;1;1;0;0;0;2;9;151;4;1
1;2427;2102;0;0;0;3;116;2;26;1;3;2;2;1;1;1;0;0;0;2;9;151;4;1
1;2551;2102;0;0;0;127;116;2;26;1;3;2;2;1;1;1;0;0;0;2;9;151;4;1
1;2551;2102;0;0;0;127;116;2;26;1;3;2;2;1;1;1;0;0;0;2;9;151;4;1
1;2551;2102;0;0;0;127;116;2;26;1;3;2;2;1;1;1;0;0;0;2;9;151;4;1
1;2427;2102;0;0;0;3;116;2;26;1;3;2;2;1;1;1;0;0;0;2;9;151;4;1
1;2427;2102;0;0;0;3;116;2;26;1;3;2;2;1;1;1;0;0;0;2;9;151;4;1
1;2427;2102;0;0;0;3;116;2;26;1;3;2;2;1;1;1;0;0;0;2;9;151;4;1
1;2580;2102;0;0;153;3;116;2;26;1;3;2;2;1;1;1;0;0;0;2;9;151;4;1
1;2580;2102;0;0;153;3;116;2;26;1;3;2;2;1;1;1;0;0;0;2;9;151;4;1
1;2580;2102;0;0;153;3;116;2;26;1;3;2;2;1;1;1;0;0;0;2;9;151;4;1
1;2580;2102;0;0;153;3;116;2;26;1;3;2;2;1;1;1;0;0;0;2;9;151;4;1
1;2580;2102;0;0;153;3;116;2;26;1;3;2;2;1;1;1;0;0;0;2;9;151;4;1
1;2580;2102;0;0;153;3;116;2;26;1;3;2;2;1;1;1;0;0;0;2;9;151;4;1
1;2594;2102;0;0;153;3;116;2;26;1;3;2;2;1;1;1;0;0;0;16;9;151;4;1
1;2594;2102;0;0;153;3;116;2;26;1;3;2;2;1;1;1;0;0;0;16;9;151;4;1
1;2718;2102;0;0;153;127;116;2;26;1;3;2;2;1;1;1;0;0;0;16;9;151;4;1
2;2658;2042;0;0;153;127;116;2;26;1;3;2;2;1;1;1;0;0;0;16;9;151;4;1
2;2658;2042;0;0;153;127;116;2;26;1;3;2;2;1;1;1;0;0;0;16;9;151;4;1
2;2534;2042;0;0;153;3;116;2;26;1;3;2;2;1;1;1;0;0;0;16;9;151;4;1
2;2534;2042;0;0;153;3;116;2;26;1;3;2;2;1;1;1;0;0;0;16;9;151;4;1
2;2534;2042;0;0;153;3;116;2;26;1;3;2;2;1;1;1;0;0;0;16;9;151;4;1
2;2388;2042;0;0;153;3;116;2;26;1;3;2;2;1;1;1;0;0;0;16;9;5;4;1
2;2388;2042;0;0;153;3;116;2;26;1;3;2;2;1;1;1;0;0;0;16;9;5;4;1
2;2348;2002;0;0;153;3;116;2;26;1;3;2;2;1;1;1;0;0;0;16;9;5;4;1
2;2313;1967;0;0;153;3;116;2;26;1;3;2;2;1;1;1;0;0;0;16;9;5;4;1
2;2313;1967;0;0;153;3;116;2;26;1;3;2;2;1;1;1;0;0;0;16;9;5;4;1
2;2313;1967;0;0;153;3;116;2;26;1;3;2;2;1;1;1;0;0;0;16;9;5;4;1
2;2047;1967;0;0;0;3;3;2;26;1;3;2;2;1;1;1;0;0;0;16;9;5;4;1
2;2047;1967;0;0;0;3;3;2;26;1;3;2;2;1;1;1;0;0;0;16;9;5;4;1
2;2047;1967;0;0;0;3;3;2;26;1;3;2;2;1;1;1;0;0;0;16;9;5;4;1
2;2047;1967;0;0;0;3;3;2;26;1;3;2;2;1;1;1;0;0;0;16;9;5;4;1
2;2047;1967;0;0;0;3;3;2;26;1;3;2;2;1;1;1;0;0;0;16;9;5;4;1
2;2047;1967;0;0;0;3;3;2;26;1;3;2;2;1;1;1;0;0;0;16;9;5;4;1
2;2047;1967;0;0;0;3;3;2;26;1;3;2;2;1;1;1;0;0;0;16;9;5;4;1
2;2161;1967;0;114;0;3;3;2;26;1;3;2;2;1;1;1;0;0;0;16;9;5;4;1
2;2161;1967;0;114;0;3;3;2;26;1;3;2;2;1;1;1;0;0;0;16;9;5;4;1
2;2101;1907;0;114;0;3;3;2;26;1;3;2;2;1;1;1;0;0;0;16;9;5;4;1
2;2101;1907;0;114;0;3;3;2;26;1;3;2;2;1;1;1;0;0;0;16;9;5;4;1
2;2203;1907;0;114;0;3;116;2;15;1;3;2;2;1;1;1;0;0;0;16;9;5;4;1
2;2203;1907;0;114;0;3;116;2;15;1;3;2;2;1;1;1;0;0;0;16;9;5;4;1
2;2203;1907;0;114;0;3;116;2;15;1;3;2;2;1;1;1;0;0;0;16;9;5;4;1
2;2203;1907;0;114;0;3;116;2;15;1;3;2;2;1;1;1;0;0;0;16;9;5;4;1
2;2203;1907;0;114;0;3;116;2;15;1;3;2;2;1;1;1;0;0;0;16;9;5;4;1
2;2143;1847;0;114;0;3;116;2;15;1;3;2;2;1;1;1;0;0;0;16;9;5;4;1
2;2143;1847;0;114;0;3;116;2;15;1;3;2;2;1;1;1;0;0;0;16;9;5;4;1
2;2452;1847;185;114;0;127;116;2;15;1;3;2;2;1;1;1;0;0;0;16;9;5;4;1
2;2452;1847;185;114;0;127;116;2;15;1;3;2;2;1;1;1;0;0;0;16;9;5;4;1
2;2452;1847;185;114;0;127;116;2;15;1;3;2;2;1;1;1;0;0;0;16;9;5;4;1
2;2328;1847;185;114;0;3;116;2;15;1;3;2;2;1;1;1;0;0;0;16;9;5;4;1
2;2328;1847;185;114;0;3;116;2;15;1;3;2;2;1;1;1;0;0;0;16;9;5;4;1
2;2328;1847;185;114;0;3;116;2;15;1;3;2;2;1;1;1;0;0;0;16;9;5;4;1
2;2328;1847;185;114;0;3;116;2;15;1;3;2;2;1;1;1;0;0;0;16;9;5;4;1
2;2214;1847;185;0;0;3;116;2;15;1;3;2;2;1;1;1;0;0;0;16;9;5;4;1
2;2214;1847;185;0;0;3;116;2;15;1;3;2;2;1;1;1;0;0;0;16;9;5;4;1
2;2214;1847;185;0;0;3;116;2;15;1;3;2;2;1;1;1;0;0;0;16;9;5;4;1
2;2214;1847;185;0;0;3;116;2;15;1;3;2;2;1;1;1;0;0;0;16;9;5;4;1
2;2214;1847;185;0;0;3;116;2;15;1;3;2;2;1;1;1;0;0;0;16;9;5;4;1
2;2338;1847;185;0;0;127;116;2;15;1;3;2;2;1;1;1;0;0;0;16;9;5;4;1
2;2338;1847;185;0;0;127;116;2;15;1;3;2;2;1;1;1;0;0;0;16;9;5;4;1
2;2338;1847;185;0;0;127;116;2;15;1;3;2;2;1;1;1;0;0;0;16;9;5;4;1
2;2214;1847;185;0;0;3;116;2;15;1;3;2;2;1;1;1;0;0;0;16;9;5;4;1
2;2214;1847;185;0;0;3;116;2;15;1;3;2;2;1;1;1;0;0;0;16;9;5;4;1
2;2214;1847;185;0;0;3;116;2;15;1;3;2;2;1;1;1;0;0;0;16;9;5;4;1
2;2214;1847;185;0;0;3;116;2;15;1;3;2;2;1;1;1;0;0;0;16;9;5;4;1
2;2214;1847;185;0;0;3;116;2;15;1;3;2;2;1;1;1;0;0;0;16;9;5;4;1
2;2214;1847;185;0;0;3;116;2;15;1;3;2;2;1;1;1;0;0;0;16;9;5;4;1
2;2214;1847;185;0;0;3;116;2;15;1;3;2;2;1;1;1;0;0;0;16;9;5;4;1
2;2029;1847;0;0;0;3;116;2;15;1;3;2;2;1;1;1;0;0;0;16;9;5;4;1
2;2029;1847;0;0;0;3;116;2;15;1;3;2;2;1;1;1;0;0;0;16;9;5;4;1
2;2029;1847;0;0;0;3;116;2;15;1;3;2;2;1;1;1;0;0;0;16;9;5;4;1
2;2029;1847;0;0;0;3;116;2;15;1;3;2;2;1;1;1;0;0;0;16;9;5;4;1
2;2029;1847;0;0;0;3;116;2;15;1;3;2;2;1;1;1;0;0;0;16;9;5;4;1
2;2029;1847;0;0;0;3;116;2;15;1;3;2;2;1;1;1;0;0;0;16;9;5;4;1
2;2015;1847;0;0;0;3;116;2;15;1;3;2;2;1;1;1;0;0;0;2;9;5;4;1
2;2015;1847;0;0;0;3;116;2;15;1;3;2;2;1;1;1;0;0;0;2;9;5;4;1
2;2029;1847;0;0;0;3;116;2;15;1;3;2;2;1;1;1;0;0;0;16;9;5;4;1
2;2029;1847;0;0;0;3;116;2;15;1;3;2;2;1;1;1;0;0;0;16;9;5;4;1
2;2029;1847;0;0;0;3;116;2;15;1;3;2;2;1;1;1;0;0;0;16;9;5;4;1
2;2064;1882;0;0;0;3;116;2;15;1;3;2;2;1;1;1;0;0;0;16;9;5;4;1
2;2064;1882;0;0;0;3;116;2;15;1;3;2;2;1;1;1;0;0;0;16;9;5;4;1
2;2064;1882;0;0;0;3;116;2;15;1;3;2;2;1;1;1;0;0;0;16;9;5;4;1
2;2064;1882;0;0;0;3;116;2;15;1;3;2;2;1;1;1;0;0;0;16;9;5;4;1
2;2217;1882;0;0;153;3;116;2;15;1;3;2;2;1;1;1;0;0;0;16;9;5;4;1
2;2217;1882;0;0;153;3;116;2;15;1;3;2;2;1;1;1;0;0;0;16;9;5;4;1
2;2217;1882;0;0;153;3;116;2;15;1;3;2;2;1;1;1;0;0;0;16;9;5;4;1
2;2217;1882;0;0;153;3;116;2;15;1;3;2;2;1;1;1;0;0;0;16;9;5;4;1
2;2217;1882;0;0;153;3;116;2;15;1;3;2;2;1;1;1;0;0;0;16;9;5;4;1
2;2217;1882;0;0;153;3;116;2;15;1;3;2;2;1;1;1;0;0;0;16;9;5;4;1
2;2217;1882;0;0;153;3;116;2;15;1;3;2;2;1;1;1;0;0;0;16;9;5;4;1
2;2391;1942;0;114;153;3;116;2;15;1;3;2;2;1;1;1;0;0;0;16;9;5;4;1
2;2391;1942;0;114;153;3;116;2;15;1;3;2;2;1;1;1;0;0;0;16;9;5;4;1
2;2391;1942;0;114;153;3;116;2;15;1;3;2;2;1;1;1;0;0;0;16;9;5;4;1
2;2391;1942;0;114;153;3;116;2;15;1;3;2;2;1;1;1;0;0;0;16;9;5;4;1
2;2391;1942;0;114;153;3;116;2;15;1;3;2;2;1;1;1;0;0;0;16;9;5;4;1
2;4361;1942;0;114;153;3;116;2;15;1;1973;2;2;1;1;1;0;0;0;16;9;5;4;1
2;4261;1842;0;114;153;3;116;2;15;1;1973;2;2;1;1;1;0;0;0;16;9;5;4;1
2;4261;1842;0;114;153;3;116;2;15;1;1973;2;2;1;1;1;0;0;0;16;9;5;4;1
2;4261;1842;0;114;153;3;116;2;15;1;1973;2;2;1;1;1;0;0;0;16;9;5;4;1
2;4321;1902;0;114;153;3;116;2;15;1;1973;2;2;1;1;1;0;0;0;16;9;5;4;1
2;4321;1902;0;114;153;3;116;2;15;1;1973;2;2;1;1;1;0;0;0;16;9;5;4;1
2;4321;1902;0;114;153;3;116;2;15;1;1973;2;2;1;1;1;0;0;0;16;9;5;4;1
2;4381;1962;0;114;153;3;116;2;15;1;1973;2;2;1;1;1;0;0;0;16;9;5;4;1
2;4228;1962;0;114;0;3;116;2;15;1;1973;2;2;1;1;1;0;0;0;16;9;5;4;1
2;4228;1962;0;114;0;3;116;2;15;1;1973;2;2;1;1;1;0;0;0;16;9;5;4;1
2;4268;2002;0;114;0;3;116;2;15;1;1973;2;2;1;1;1;0;0;0;16;9;5;4;1
2;4268;2002;0;114;0;3;116;2;15;1;1973;2;2;1;1;1;0;0;0;16;9;5;4;1
2;4368;2102;0;114;0;3;116;2;15;1;1973;2;2;1;1;1;0;0;0;16;9;5;4;1
2;4254;2102;0;0;0;3;116;2;15;1;1973;2;2;1;1;1;0;0;0;16;9;5;4;1
2;4254;2102;0;0;0;3;116;2;15;1;1973;2;2;1;1;1;0;0;0;16;9;5;4;1
2;4254;2102;0;0;0;3;116;2;15;1;1973;2;2;1;1;1;0;0;0;16;9;5;4;1
2;4254;2102;0;0;0;3;116;2;15;1;1973;2;2;1;1;1;0;0;0;16;9;5;4;1
2;4254;2102;0;0;0;3;116;2;15;1;1973;2;2;1;1;1;0;0;0;16;9;5;4;1
2;4254;2102;0;0;0;3;116;2;15;1;1973;2;2;1;1;1;0;0;0;16;9;5;4;1
2;4254;2102;0;0;0;3;116;2;15;1;1973;2;2;1;1;1;0;0;0;16;9;5;4;1
2;4254;2102;0;0;0;3;116;2;15;1;1973;2;2;1;1;1;0;0;0;16;9;5;4;1
2;4254;2102;0;0;0;3;116;2;15;1;1973;2;2;1;1;1;0;0;0;16;9;5;4;1
2;4254;2102;0;0;0;3;116;2;15;1;1973;2;2;1;1;1;0;0;0;16;9;5;4;1
2;4254;2102;0;0;0;3;116;2;15;1;1973;2;2;1;1;1;0;0;0;16;9;5;4;1
2;4254;2102;0;0;0;3;116;2;15;1;1973;2;2;1;1;1;0;0;0;16;9;5;4;1
2;4254;2102;0;0;0;3;116;2;15;1;1973;2;2;1;1;1;0;0;0;16;9;5;4;1
2;4344;2007;185;0;0;3;116;2;15;1;1973;2;2;1;1;1;0;0;0;16;9;5;4;1
2;2369;2002;185;0;0;3;116;2;15;1;3;2;2;1;1;1;0;0;0;16;9;5;4;1
2;2269;1902;185;0;0;3;116;2;15;1;3;2;2;1;1;1;0;0;0;16;9;5;4;1
2;2269;1902;185;0;0;3;116;2;15;1;3;2;2;1;1;1;0;0;0;16;9;5;4;1
2;2257;1890;185;0;0;3;116;2;15;1;3;2;2;1;1;1;0;0;0;16;9;5;4;1
2;2257;1890;185;0;0;3;116;2;15;1;3;2;2;1;1;1;0;0;0;16;9;5;4;1
2;2257;1890;185;0;0;3;116;2;15;1;3;2;2;1;1;1;0;0;0;16;9;5;4;1
2;2257;1890;185;0;0;3;116;2;15;1;3;2;2;1;1;1;0;0;0;16;9;5;4;1
2;2257;1890;185;0;0;3;116;2;15;1;3;2;2;1;1;1;0;0;0;16;9;5;4;1
2;2197;1830;185;0;0;3;116;2;15;1;3;2;2;1;1;1;0;0;0;16;9;5;4;1
2;2097;1730;185;0;0;3;116;2;15;1;3;2;2;1;1;1;0;0;0;16;9;5;4;1
2;2097;1730;185;0;0;3;116;2;15;1;3;2;2;1;1;1;0;0;0;16;9;5;4;1
2;2097;1730;185;0;0;3;116;2;15;1;3;2;2;1;1;1;0;0;0;16;9;5;4;1
2;2097;1730;185;0;0;3;116;2;15;1;3;2;2;1;1;1;0;0;0;16;9;5;4;1
2;2097;1730;185;0;0;3;116;2;15;1;3;2;2;1;1;1;0;0;0;16;9;5;4;1
2;2023;1670;185;0;0;3;116;2;15;1;3;2;2;1;1;1;0;0;0;2;9;5;4;1
2;2023;1670;185;0;0;3;116;2;15;1;3;2;2;1;1;1;0;0;0;2;9;5;4;1
2;2023;1670;185;0;0;3;116;2;15;1;3;2;2;1;1;1;0;0;0;2;9;5;4;1
2;2023;1670;185;0;0;3;116;2;15;1;3;2;2;1;1;1;0;0;0;2;9;5;4;1
2;2023;1670;185;0;0;3;116;2;15;1;3;2;2;1;1;1;0;0;0;2;9;5;4;1
2;2023;1670;185;0;0;3;116;2;15;1;3;2;2;1;1;1;0;0;0;2;9;5;4;1
2;2023;1670;185;0;0;3;116;2;15;1;3;2;2;1;1;1;0;0;0;2;9;5;4;1
2;1838;1670;0;0;0;3;116;2;15;1;3;2;2;1;1;1;0;0;0;2;9;5;4;1
2;1838;1670;0;0;0;3;116;2;15;1;3;2;2;1;1;1;0;0;0;2;9;5;4;1
2;1938;1770;0;0;0;3;116;2;15;1;3;2;2;1;1;1;0;0;0;2;9;5;4;1
2;2091;1770;0;0;153;3;116;2;15;1;3;2;2;1;1;1;0;0;0;2;9;5;4;1
2;2091;1770;0;0;153;3;116;2;15;1;3;2;2;1;1;1;0;0;0;2;9;5;4;1
2;2091;1770;0;0;153;3;116;2;15;1;3;2;2;1;1;1;0;0;0;2;9;5;4;1
2;2051;1730;0;0;153;3;116;2;15;1;3;2;2;1;1;1;0;0;0;2;9;5;4;1
2;2051;1730;0;0;153;3;116;2;15;1;3;2;2;1;1;1;0;0;0;2;9;5;4;1
2;2051;1730;0;0;153;3;116;2;15;1;3;2;2;1;1;1;0;0;0;2;9;5;4;1
2;2175;1730;0;0;153;127;116;2;15;1;3;2;2;1;1;1;0;0;0;2;9;5;4;1
2;2175;1730;0;0;153;127;116;2;15;1;3;2;2;1;1;1;0;0;0;2;9;5;4;1
2;2175;1730;0;0;153;127;116;2;15;1;3;2;2;1;1;1;0;0;0;2;9;5;4;1
2;2051;1730;0;0;153;3;116;2;15;1;3;2;2;1;1;1;0;0;0;2;9;5;4;1
2;4121;1730;0;0;153;3;116;2;15;1;3;2;2;1;1;1;0;0;0;2;9;5;4;2071
2;4121;1730;0;0;153;3;116;2;15;1;3;2;2;1;1;1;0;0;0;2;9;5;4;2071
2;4132;1730;0;0;153;3;116;2;26;1;3;2;2;1;1;1;0;0;0;2;9;5;4;2071
2;2062;1730;0;0;153;3;116;2;26;1;3;2;2;1;1;1;0;0;0;2;9;5;4;1
2;2062;1730;0;0;153;3;116;2;26;1;3;2;2;1;1;1;0;0;0;2;9;5;4;1
2;2062;1730;0;0;153;3;116;2;26;1;3;2;2;1;1;1;0;0;0;2;9;5;4;1
2;2062;1730;0;0;153;3;116;2;26;1;3;2;2;1;1;1;0;0;0;2;9;5;4;1
2;2062;1730;0;0;153;3;116;2;26;1;3;2;2;1;1;1;0;0;0;2;9;5;4;1
2;2062;1730;0;0;153;3;116;2;26;1;3;2;2;1;1;1;0;0;0;2;9;5;4;1
2;2062;1730;0;0;153;3;116;2;26;1;3;2;2;1;1;1;0;0;0;2;9;5;4;1
2;1941;1730;0;0;0;3;116;34;26;1;3;2;2;1;1;1;0;0;0;2;9;5;4;1
2;1881;1670;0;0;0;3;116;34;26;1;3;2;2;1;1;1;0;0;0;2;9;5;4;1
2;1881;1670;0;0;0;3;116;34;26;1;3;2;2;1;1;1;0;0;0;2;9;5;4;1
2;1881;1670;0;0;0;3;116;34;26;1;3;2;2;1;1;1;0;0;0;2;9;5;4;1
2;1881;1670;0;0;0;3;116;34;26;1;3;2;2;1;1;1;0;0;0;2;9;5;4;1
2;1881;1670;0;0;0;3;116;34;26;1;3;2;2;1;1;1;0;0;0;2;9;5;4;1
2;1881;1670;0;0;0;3;116;34;26;1;3;2;2;1;1;1;0;0;0;2;9;5;4;1
2;1881;1670;0;0;0;3;116;34;26;1;3;2;2;1;1;1;0;0;0;2;9;5;4;1
2;2282;1730;0;0;0;3;116;34;26;1;3;2;2;1;1;1;0;0;0;2;9;5;345;1
2;2129;1690;0;0;0;3;3;34;26;1;3;2;2;1;1;1;0;0;0;2;9;5;345;1
2;2129;1690;0;0;0;3;3;34;26;1;3;2;2;1;1;1;0;0;0;2;9;5;345;1
1;2129;1690;0;0;0;3;3;34;26;1;3;2;2;1;1;1;0;0;0;2;9;5;345;1
1;1788;1690;0;0;0;3;3;34;26;1;3;2;2;1;1;1;0;0;0;2;9;5;4;1
1;1788;1690;0;0;0;3;3;34;26;1;3;2;2;1;1;1;0;0;0;2;9;5;4;1
1;1788;1690;0;0;0;3;3;34;26;1;3;2;2;1;1;1;0;0;0;2;9;5;4;1
1;1718;1620;0;0;0;3;3;34;26;1;3;2;2;1;1;1;0;0;0;2;9;5;4;1
1;1628;1530;0;0;0;3;3;34;26;1;3;2;2;1;1;1;0;0;0;2;9;5;4;1
1;1718;1620;0;0;0;3;3;34;26;1;3;2;2;1;1;1;0;0;0;2;9;5;4;1
1;1718;1620;0;0;0;3;3;34;26;1;3;2;2;1;1;1;0;0;0;2;9;5;4;1
1;1718;1620;0;0;0;3;3;34;26;1;3;2;2;1;1;1;0;0;0;2;9;5;4;1
1;1218;1120;0;0;0;3;3;34;26;1;3;2;2;1;1;1;0;0;0;2;9;5;4;1
1;1218;1120;0;0;0;3;3;34;26;1;3;2;2;1;1;1;0;0;0;2;9;5;4;1
1;1218;1120;0;0;0;3;3;34;26;1;3;2;2;1;1;1;0;0;0;2;9;5;4;1
1;1178;1080;0;0;0;3;3;34;26;1;3;2;2;1;1;1;0;0;0;2;9;5;4;1
1;1178;1080;0;0;0;3;3;34;26;1;3;2;2;1;1;1;0;0;0;2;9;5;4;1
1;1178;1080;0;0;0;3;3;34;26;1;3;2;2;1;1;1;0;0;0;2;9;5;4;1
1;1278;1180;0;0;0;3;3;34;26;1;3;2;2;1;1;1;0;0;0;2;9;5;4;1
1;3752;1180;0;0;0;3;3;34;26;2475;3;2;2;1;1;1;0;0;0;2;9;5;4;1
1;3752;1180;0;0;0;3;3;34;26;2475;3;2;2;1;1;1;0;0;0;2;9;5;4;1
1;3812;1240;0;0;0;3;3;34;26;2475;3;2;2;1;1;1;0;0;0;2;9;5;4;1
1;3812;1240;0;0;0;3;3;34;26;2475;3;2;2;1;1;1;0;0;0;2;9;5;4;1
1;3812;1240;0;0;0;3;3;34;26;2475;3;2;2;1;1;1;0;0;0;2;9;5;4;1
1;3812;1240;0;0;0;3;3;34;26;2475;3;2;2;1;1;1;0;0;0;2;9;5;4;1
1;4312;1740;0;0;0;3;3;34;26;2475;3;2;2;1;1;1;0;0;0;2;9;5;4;1
1;4312;1740;0;0;0;3;3;34;26;2475;3;2;2;1;1;1;0;0;0;2;9;5;4;1
1;4312;1740;0;0;0;3;3;34;26;2475;3;2;2;1;1;1;0;0;0;2;9;5;4;1
1;4312;1740;0;0;0;3;3;34;26;2475;3;2;2;1;1;1;0;0;0;2;9;5;4;1
1;4212;1640;0;0;0;3;3;34;26;2475;3;2;2;1;1;1;0;0;0;2;9;5;4;1
1;4212;1640;0;0;0;3;3;34;26;2475;3;2;2;1;1;1;0;0;0;2;9;5;4;1
1;4172;1600;0;0;0;3;3;34;26;2475;3;2;2;1;1;1;0;0;0;2;9;5;4;1
1;4132;1560;0;0;0;3;3;34;26;2475;3;2;2;1;1;1;0;0;0;2;9;5;4;1
1;4232;1660;0;0;0;3;3;34;26;2475;3;2;2;1;1;1;0;0;0;2;9;5;4;1
1;4417;1660;185;0;0;3;3;34;26;2475;3;2;2;1;1;1;0;0;0;2;9;5;4;1
1;1943;1660;185;0;0;3;3;34;26;1;3;2;2;1;1;1;0;0;0;2;9;5;4;1
1;1943;1660;185;0;0;3;3;34;26;1;3;2;2;1;1;1;0;0;0;2;9;5;4;1
1;1943;1660;185;0;0;3;3;34;26;1;3;2;2;1;1;1;0;0;0;2;9;5;4;1
1;1943;1660;185;0;0;3;3;34;26;1;3;2;2;1;1;1;0;0;0;2;9;5;4;1
1;1983;1700;185;0;0;3;3;34;26;1;3;2;2;1;1;1;0;0;0;2;9;5;4;1
1;1983;1700;185;0;0;3;3;34;26;1;3;2;2;1;1;1;0;0;0;2;9;5;4;1
1;2023;1740;185;0;0;3;3;34;26;1;3;2;2;1;1;1;0;0;0;2;9;5;4;1
1;2023;1740;185;0;0;3;3;34;26;1;3;2;2;1;1;1;0;0;0;2;9;5;4;1
1;2023;1740;185;0;0;3;3;34;26;1;3;2;2;1;1;1;0;0;0;2;9;5;4;1
1;2147;1740;185;0;0;127;3;34;26;1;3;2;2;1;1;1;0;0;0;2;9;5;4;1
1;2147;1740;185;0;0;127;3;34;26;1;3;2;2;1;1;1;0;0;0;2;9;5;4;1
1;2187;1780;185;0;0;127;3;34;26;1;3;2;2;1;1;1;0;0;0;2;9;5;4;1
1;2063;1780;185;0;0;3;3;34;26;1;3;2;2;1;1;1;0;0;0;2;9;5;4;1
1;2209;1780;185;0;0;3;3;34;26;1;3;2;2;1;1;1;0;0;0;2;9;151;4;1
1;2209;1780;185;0;0;3;3;34;26;1;3;2;2;1;1;1;0;0;0;2;9;151;4;1
1;2447;1780;185;114;0;127;3;34;26;1;3;2;2;1;1;1;0;0;0;2;9;151;4;1
1;2459;1792;185;114;0;127;3;34;26;1;3;2;2;1;1;1;0;0;0;2;9;151;4;1
1;2499;1832;185;114;0;127;3;34;26;1;3;2;2;1;1;1;0;0;0;2;9;151;4;1
1;2375;1832;185;114;0;3;3;34;26;1;3;2;2;1;1;1;0;0;0;2;9;151;4;1
1;2375;1832;185;114;0;3;3;34;26;1;3;2;2;1;1;1;0;0;0;2;9;151;4;1
1;2375;1832;185;114;0;3;3;34;26;1;3;2;2;1;1;1;0;0;0;2;9;151;4;1
1;2190;1832;0;114;0;3;3;34;26;1;3;2;2;1;1;1;0;0;0;2;9;151;4;1
1;2179;1832;0;114;0;3;3;34;15;1;3;2;2;1;1;1;0;0;0;2;9;151;4;1
1;2079;1732;0;114;0;3;3;34;15;1;3;2;2;1;1;1;0;0;0;2;9;151;4;1
1;2079;1732;0;114;0;3;3;34;15;1;3;2;2;1;1;1;0;0;0;2;9;151;4;1
1;2079;1732;0;114;0;3;3;34;15;1;3;2;2;1;1;1;0;0;0;2;9;151;4;1
1;2079;1732;0;114;0;3;3;34;15;1;3;2;2;1;1;1;0;0;0;2;9;151;4;1
1;2079;1732;0;114;0;3;3;34;15;1;3;2;2;1;1;1;0;0;0;2;9;151;4;1
1;2119;1772;0;114;0;3;3;34;15;1;3;2;2;1;1;1;0;0;0;2;9;151;4;1
1;2272;1772;0;114;153;3;3;34;15;1;3;2;2;1;1;1;0;0;0;2;9;151;4;1
1;2240;1772;0;114;153;3;3;2;15;1;3;2;2;1;1;1;0;0;0;2;9;151;4;1
1;2240;1772;0;114;153;3;3;2;15;1;3;2;2;1;1;1;0;0;0;2;9;151;4;1
1;2240;1772;0;114;153;3;3;2;15;1;3;2;2;1;1;1;0;0;0;2;9;151;4;1
1;2250;1772;0;0;153;127;3;2;15;1;3;2;2;1;1;1;0;0;0;2;9;151;4;1
1;2250;1772;0;0;153;127;3;2;15;1;3;2;2;1;1;1;0;0;0;2;9;151;4;1
1;2250;1772;0;0;153;127;3;2;15;1;3;2;2;1;1;1;0;0;0;2;9;151;4;1
1;2126;1772;0;0;153;3;3;2;15;1;3;2;2;1;1;1;0;0;0;2;9;151;4;1
1;2126;1772;0;0;153;3;3;2;15;1;3;2;2;1;1;1;0;0;0;2;9;151;4;1
1;2126;1772;0;0;153;3;3;2;15;1;3;2;2;1;1;1;0;0;0;2;9;151;4;1
1;2126;1772;0;0;153;3;3;2;15;1;3;2;2;1;1;1;0;0;0;2;9;151;4;1
1;2126;1772;0;0;153;3;3;2;15;1;3;2;2;1;1;1;0;0;0;2;9;151;4;1
1;2126;1772;0;0;153;3;3;2;15;1;3;2;2;1;1;1;0;0;0;2;9;151;4;1
1;2126;1772;0;0;153;3;3;2;15;1;3;2;2;1;1;1;0;0;0;2;9;151;4;1
1;2126;1772;0;0;153;3;3;2;15;1;3;2;2;1;1;1;0;0;0;2;9;151;4;1
1;2126;1772;0;0;153;3;3;2;15;1;3;2;2;1;1;1;0;0;0;2;9;151;4;1
1;2126;1772;0;0;153;3;3;2;15;1;3;2;2;1;1;1;0;0;0;2;9;151;4;1
1;2126;1772;0;0;153;3;3;2;15;1;3;2;2;1;1;1;0;0;0;2;9;151;4;1
1;2126;1772;0;0;153;3;3;2;15;1;3;2;2;1;1;1;0;0;0;2;9;151;4;1
1;2126;1772;0;0;153;3;3;2;15;1;3;2;2;1;1;1;0;0;0;2;9;151;4;1
1;1873;1672;0;0;0;3;3;2;15;1;3;2;2;1;1;1;0;0;0;2;9;151;4;1
1;1873;1672;0;0;0;3;3;2;15;1;3;2;2;1;1;1;0;0;0;2;9;151;4;1
1;1873;1672;0;0;0;3;3;2;15;1;3;2;2;1;1;1;0;0;0;2;9;151;4;1
1;1873;1672;0;0;0;3;3;2;15;1;3;2;2;1;1;1;0;0;0;2;9;151;4;1
1;3943;1672;0;0;0;3;3;2;15;1;3;2;2;1;1;1;0;0;0;2;9;151;4;2071
1;3943;1672;0;0;0;3;3;2;15;1;3;2;2;1;1;1;0;0;0;2;9;151;4;2071
1;3943;1672;0;0;0;3;3;2;15;1;3;2;2;1;1;1;0;0;0;2;9;151;4;2071
1;1873;1672;0;0;0;3;3;2;15;1;3;2;2;1;1;1;0;0;0;2;9;151;4;1
1;1873;1672;0;0;0;3;3;2;15;1;3;2;2;1;1;1;0;0;0;2;9;151;4;1
1;1873;1672;0;0;0;3;3;2;15;1;3;2;2;1;1;1;0;0;0;2;9;151;4;1
1;1873;1672;0;0;0;3;3;2;15;1;3;2;2;1;1;1;0;0;0;2;9;151;4;1
1;1943;1742;0;0;0;3;3;2;15;1;3;2;2;1;1;1;0;0;0;2;9;151;4;1
1;1943;1742;0;0;0;3;3;2;15;1;3;2;2;1;1;1;0;0;0;2;9;151;4;1
1;1943;1742;0;0;0;3;3;2;15;1;3;2;2;1;1;1;0;0;0;2;9;151;4;1
1;1943;1742;0;0;0;3;3;2;15;1;3;2;2;1;1;1;0;0;0;2;9;151;4;1
1;2067;1742;0;0;0;127;3;2;15;1;3;2;2;1;1;1;0;0;0;2;9;151;4;1
1;2032;1707;0;0;0;127;3;2;15;1;3;2;2;1;1;1;0;0;0;2;9;151;4;1
1;2330;1707;185;0;0;127;116;2;15;1;3;2;2;1;1;1;0;0;0;2;9;151;4;1
1;2306;1807;185;0;0;3;116;2;15;1;3;2;2;1;1;1;0;0;0;2;9;151;4;1
1;2306;1807;185;0;0;3;116;2;15;1;3;2;2;1;1;1;0;0;0;2;9;151;4;1
1;2306;1807;185;0;0;3;116;2;15;1;3;2;2;1;1;1;0;0;0;2;9;151;4;1
1;2306;1807;185;0;0;3;116;2;15;1;3;2;2;1;1;1;0;0;0;2;9;151;4;1
1;2306;1807;185;0;0;3;116;2;15;1;3;2;2;1;1;1;0;0;0;2;9;151;4;1
1;2420;1807;185;114;0;3;116;2;15;1;3;2;2;1;1;1;0;0;0;2;9;151;4;1
1;2420;1807;185;114;0;3;116;2;15;1;3;2;2;1;1;1;0;0;0;2;9;151;4;1
1;2420;1807;185;114;0;3;116;2;15;1;3;2;2;1;1;1;0;0;0;2;9;151;4;1
1;2420;1807;185;114;0;3;116;2;15;1;3;2;2;1;1;1;0;0;0;2;9;151;4;1
1;2420;1807;185;114;0;3;116;2;15;1;3;2;2;1;1;1;0;0;0;2;9;151;4;1
1;2420;1807;185;114;0;3;116;2;15;1;3;2;2;1;1;1;0;0;0;2;9;151;4;1
1;2420;1807;185;114;0;3;116;2;15;1;3;2;2;1;1;1;0;0;0;2;9;151;4;1
1;2400;1787;185;114;0;3;116;2;15;1;3;2;2;1;1;1;0;0;0;2;9;151;4;1
1;2400;1787;185;114;0;3;116;2;15;1;3;2;2;1;1;1;0;0;0;2;9;151;4;1
1;2400;1787;185;114;0;3;116;2;15;1;3;2;2;1;1;1;0;0;0;2;9;151;4;1
1;2400;1787;185;114;0;3;116;2;15;1;3;2;2;1;1;1;0;0;0;2;9;151;4;1
1;2460;1847;185;114;0;3;116;2;15;1;3;2;2;1;1;1;0;0;0;2;9;151;4;1
1;2460;1847;185;114;0;3;116;2;15;1;3;2;2;1;1;1;0;0;0;2;9;151;4;1
1;2460;1847;185;114;0;3;116;2;15;1;3;2;2;1;1;1;0;0;0;2;9;151;4;1
1;2460;1847;185;114;0;3;116;2;15;1;3;2;2;1;1;1;0;0;0;2;9;151;4;1
1;2460;1847;185;114;0;3;116;2;15;1;3;2;2;1;1;1;0;0;0;2;9;151;4;1
1;2175;1747;0;114;0;3;116;2;15;1;3;2;2;1;1;1;0;0;0;2;9;151;4;1
1;2175;1747;0;114;0;3;116;2;15;1;3;2;2;1;1;1;0;0;0;2;9;151;4;1
1;2061;1747;0;0;0;3;116;2;15;1;3;2;2;1;1;1;0;0;0;2;9;151;4;1
1;2061;1747;0;0;0;3;116;2;15;1;3;2;2;1;1;1;0;0;0;2;9;151;4;1
1;2061;1747;0;0;0;3;116;2;15;1;3;2;2;1;1;1;0;0;0;2;9;151;4;1
1;2061;1747;0;0;0;3;116;2;15;1;3;2;2;1;1;1;0;0;0;2;9;151;4;1
1;2061;1747;0;0;0;3;116;2;15;1;3;2;2;1;1;1;0;0;0;2;9;151;4;1
1;2061;1747;0;0;0;3;116;2;15;1;3;2;2;1;1;1;0;0;0;2;9;151;4;1
1;2093;1747;0;0;0;3;116;34;15;1;3;2;2;1;1;1;0;0;0;2;9;151;4;1
1;2093;1747;0;0;0;3;116;34;15;1;3;2;2;1;1;1;0;0;0;2;9;151;4;1
0;55;0;0;0;0;3;3;2;15;1;3;2;2;1;1;1;0;0;0;2;9;5;4;1
0;55;0;0;0;0;3;3;2;15;1;3;2;2;1;1;1;0;0;0;2;9;5;4;1
0;55;0;0;0;0;3;3;2;15;1;3;2;2;1;1;1;0;0;0;2;9;5;4;1
0;55;0;0;0;0;3;3;2;15;1;3;2;2;1;1;1;0;0;0;2;9;5;4;1
0;55;0;0;0;0;3;3;2;15;1;3;2;2;1;1;1;0;0;0;2;9;5;4;1
0;55;0;0;0;0;3;3;2;15;1;3;2;2;1;1;1;0;0;0;2;9;5;4;1
0;55;0;0;0;0;3;3;2;15;1;3;2;2;1;1;1;0;0;0;2;9;5;4;1
0;55;0;0;0;0;3;3;2;15;1;3;2;2;1;1;1;0;0;0;2;9;5;4;1
0;55;0;0;0;0;3;3;2;15;1;3;2;2;1;1;1;0;0;0;2;9;5;4;1
0;55;0;0;0;0;3;3;2;15;1;3;2;2;1;1;1;0;0;0;2;9;5;4;1
0;55;0;0;0;0;3;3;2;15;1;3;2;2;1;1;1;0;0;0;2;9;5;4;1
0;55;0;0;0;0;3;3;2;15;1;3;2;2;1;1;1;0;0;0;2;9;5;4;1
0;55;0;0;0;0;3;3;2;15;1;3;2;2;1;1;1;0;0;0;2;9;5;4;1
0;55;0;0;0;0;3;3;2;15;1;3;2;2;1;1;1;0;0;0;2;9;5;4;1
0;55;0;0;0;0;3;3;2;15;1;3;2;2;1;1;1;0;0;0;2;9;5;4;1
0;55;0;0;0;0;3;3;2;15;1;3;2;2;1;1;1;0;0;0;2;9;5;4;1
0;55;0;0;0;0;3;3;2;15;1;3;2;2;1;1;1;0;0;0;2;9;5;4;1
0;55;0;0;0;0;3;3;2;15;1;3;2;2;1;1;1;0;0;0;2;9;5;4;1
0;55;0;0;0;0;3;3;2;15;1;3;2;2;1;1;1;0;0;0;2;9;5;4;1
0;55;0;0;0;0;3;3;2;15;1;3;2;2;1;1;1;0;0;0;2;9;5;4;1
0;55;0;0;0;0;3;3;2;15;1;3;2;2;1;1;1;0;0;0;2;9;5;4;1
0;55;0;0;0;0;3;3;2;15;1;3;2;2;1;1;1;0;0;0;2;9;5;4;1
0;55;0;0;0;0;3;3;2;15;1;3;2;2;1;1;1;0;0;0;2;9;5;4;1
0;55;0;0;0;0;3;3;2;15;1;3;2;2;1;1;1;0;0;0;2;9;5;4;1
0;55;0;0;0;0;3;3;2;15;1;3;2;2;1;1;1;0;0;0;2;9;5;4;1
0;55;0;0;0;0;3;3;2;15;1;3;2;2;1;1;1;0;0;0;2;9;5;4;1
0;55;0;0;0;0;3;3;2;15;1;3;2;2;1;1;1;0;0;0;2;9;5;4;1
0;55;0;0;0;0;3;3;2;15;1;3;2;2;1;1;1;0;0;0;2;9;5;4;1
0;55;0;0;0;0;3;3;2;15;1;3;2;2;1;1;1;0;0;0;2;9;5;4;1
0;55;0;0;0;0;3;3;2;15;1;3;2;2;1;1;1;0;0;0;2;9;5;4;1
0;55;0;0;0;0;3;3;2;15;1;3;2;2;1;1;1;0;0;0;2;9;5;4;1
0;55;0;0;0;0;3;3;2;15;1;3;2;2;1;1;1;0;0;0;2;9;5;4;1
0;55;0;0;0;0;3;3;2;15;1;3;2;2;1;1;1;0;0;0;2;9;5;4;1
0;55;0;0;0;0;3;3;2;15;1;3;2;2;1;1;1;0;0;0;2;9;5;4;1
0;55;0;0;0;0;3;3;2;15;1;3;2;2;1;1;1;0;0;0;2;9;5;4;1
0;55;0;0;0;0;3;3;2;15;1;3;2;2;1;1;1;0;0;0;2;9;5;4;1
0;55;0;0;0;0;3;3;2;15;1;3;2;2;1;1;1;0;0;0;2;9;5;4;1
0;55;0;0;0;0;3;3;2;15;1;3;2;2;1;1;1;0;0;0;2;9;5;4;1
0;169;0;0;114;0;3;3;2;15;1;3;2;2;1;1;1;0;0;0;2;9;5;4;1
0;169;0;0;114;0;3;3;2;15;1;3;2;2;1;1;1;0;0;0;2;9;5;4;1
0;169;0;0;114;0;3;3;2;15;1;3;2;2;1;1;1;0;0;0;2;9;5;4;1
0;354;0;185;114;0;3;3;2;15;1;3;2;2;1;1;1;0;0;0;2;9;5;4;1
0;354;0;185;114;0;3;3;2;15;1;3;2;2;1;1;1;0;0;0;2;9;5;4;1
0;354;0;185;114;0;3;3;2;15;1;3;2;2;1;1;1;0;0;0;2;9;5;4;1
0;354;0;185;114;0;3;3;2;15;1;3;2;2;1;1;1;0;0;0;2;9;5;4;1
0;354;0;185;114;0;3;3;2;15;1;3;2;2;1;1;1;0;0;0;2;9;5;4;1
0;354;0;185;114;0;3;3;2;15;1;3;2;2;1;1;1;0;0;0;2;9;5;4;1
0;354;0;185;114;0;3;3;2;15;1;3;2;2;1;1;1;0;0;0;2;9;5;4;1
0;354;0;185;114;0;3;3;2;15;1;3;2;2;1;1;1;0;0;0;2;9;5;4;1
0;354;0;185;114;0;3;3;2;15;1;3;2;2;1;1;1;0;0;0;2;9;5;4;1
0;354;0;185;114;0;3;3;2;15;1;3;2;2;1;1;1;0;0;0;2;9;5;4;1
0;354;0;185;114;0;3;3;2;15;1;3;2;2;1;1;1;0;0;0;2;9;5;4;1
0;354;0;185;114;0;3;3;2;15;1;3;2;2;1;1;1;0;0;0;2;9;5;4;1
0;507;0;185;114;153;3;3;2;15;1;3;2;2;1;1;1;0;0;0;2;9;5;4;1
0;507;0;185;114;153;3;3;2;15;1;3;2;2;1;1;1;0;0;0;2;9;5;4;1
0;507;0;185;114;153;3;3;2;15;1;3;2;2;1;1;1;0;0;0;2;9;5;4;1
0;393;0;185;0;153;3;3;2;15;1;3;2;2;1;1;1;0;0;0;2;9;5;4;1
0;393;0;185;0;153;3;3;2;15;1;3;2;2;1;1;1;0;0;0;2;9;5;4;1
0;393;0;185;0;153;3;3;2;15;1;3;2;2;1;1;1;0;0;0;2;9;5;4;1
0;393;0;185;0;153;3;3;2;15;1;3;2;2;1;1;1;0;0;0;2;9;5;4;1
0;393;0;185;0;153;3;3;2;15;1;3;2;2;1;1;1;0;0;0;2;9;5;4;1
0;393;0;185;0;153;3;3;2;15;1;3;2;2;1;1;1;0;0;0;2;9;5;4;1
0;393;0;185;0;153;3;3;2;15;1;3;2;2;1;1;1;0;0;0;2;9;5;4;1
0;208;0;0;0;153;3;3;2;15;1;3;2;2;1;1;1;0;0;0;2;9;5;4;1
0;208;0;0;0;153;3;3;2;15;1;3;2;2;1;1;1;0;0;0;2;9;5;4;1
0;208;0;0;0;153;3;3;2;15;1;3;2;2;1;1;1;0;0;0;2;9;5;4;1
0;208;0;0;0;153;3;3;2;15;1;3;2;2;1;1;1;0;0;0;2;9;5;4;1
0;208;0;0;0;153;3;3;2;15;1;3;2;2;1;1;1;0;0;0;2;9;5;4;1
0;208;0;0;0;153;3;3;2;15;1;3;2;2;1;1;1;0;0;0;2;9;5;4;1
0;208;0;0;0;153;3;3;2;15;1;3;2;2;1;1;1;0;0;0;2;9;5;4;1
